"支付流水号","支付方式","支付金额","交易手续费","平台业务单号","状态","支付时间","审核时间","审核状态","订单流水号","订单支付金额","配送仓库","品牌","货号","颜色"
"=""M170225132450000042200197""","中国民生银行","260.00","0.78","2442557091","支付成功","2017-02-25 13:25:38","2017-02-25 13:25:38","已审核","767402253127","260.00","260.00","E-TOP(PUR)","Locaste","7-20SRM3415","7-20SRM3415003"
"=""M170225113651000044255330""","兴业银行","290.00","0.87","2442472211","支付成功","2017-02-25 11:50:50","2017-02-25 11:50:50","已审核","755102251426","290.00","290.00","E-TOP(XH)","Locaste","7-25SRM3013","7-25SRM3013125"
"=""M170225113201000044482968""","兴业银行","290.00","0.00"," ","待支付","","","未审核","755102251426","290.00","290.00","E-TOP(XH)","Locaste","7-25SRM3013","7-25SRM3013125"
"=""M170224134431000075109663""","兴业银行","280.00","0.84","2441971607","支付成功","2017-02-24 13:45:10","2017-02-24 13:45:10","已审核","737602242222","280.00","280.00","E-TOP(PUR)","Locaste","7-29SPM0054","7-29SPM0054NN1"
"=""M170224133325000075737460""","兴业银行","290.00","0.87","2441965046","支付成功","2017-02-24 13:33:54","2017-02-24 13:33:54","已审核","755902242607","290.00","290.00","E-TOP(XH)","Locaste","7-25SRM3013","7-25SRM3013007"
"=""M170224110359000074430968""","广东发展银行","560.00","1.68","2441819831","支付成功","2017-02-24 11:07:51","2017-02-24 11:07:51","已审核","759702246991","280.00","280.00","E-TOP(PUR)","Locaste","7-31SPW0035","7-31SPW0035003"
"=""M170224110359000074430968""","广东发展银行","560.00","1.68","2441819831","支付成功","2017-02-24 11:07:51","2017-02-24 11:07:51","已审核","752402249298","280.00","280.00","E-TOP(PUR)","Locaste","7-27SPW0150","7-27SPW015012C"
"=""M170223134855000073320755""","中国工商银行","290.00","0.87","2441227933","支付成功","2017-02-23 13:49:54","2017-02-23 13:49:54","已审核","760302239769","290.00","290.00","E-TOP(PUR)","Locaste","7-25SRM2230","7-25SRM2230125"
"=""M170223134758000072233906""","中国工商银行","290.00","0.87","2441227204","支付成功","2017-02-23 13:48:40","2017-02-23 13:48:41","已审核","724802238379","290.00","290.00","E-TOP(PUR)","Locaste","7-28SPW1053","7-28SPW105321G"
"=""M170223125659000080658561""","中国工商银行","290.00","0.87","2441195014","支付成功","2017-02-23 13:01:37","2017-02-23 13:01:37","已审核","715402235702","290.00","290.00","E-TOP(PUR)","Locaste","7-29SPW1032","7-29SPW103221G"
"=""M170223124820000075935508""","兴业银行","260.00","0.78","2441188487","支付成功","2017-02-23 12:48:53","2017-02-23 12:48:53","已审核","705402234136","260.00","260.00","E-TOP(PUR)","Locaste","7-27SPM3044","7-27SPM3044LB2"
"=""M170223124441000080330543""","中国工商银行","290.00","0.00"," ","待支付","","","未审核","715402235702","290.00","290.00","E-TOP(PUR)","Locaste","7-29SPW1032","7-29SPW103221G"
"=""M170223124222000080519961""","中国工商银行","290.00","0.00"," ","待支付","","","未审核","715402235702","290.00","290.00","E-TOP(PUR)","Locaste","7-29SPW1032","7-29SPW103221G"
"=""M170223123559000080832268""","中国工商银行","290.00","0.00"," ","待支付","","","未审核","715402235702","290.00","290.00","E-TOP(PUR)","Locaste","7-29SPW1032","7-29SPW103221G"
"=""M170223112202000074204484""","广东发展银行","840.00","2.52","2441096654","支付成功","2017-02-23 11:23:27","2017-02-23 11:23:27","已审核","784502236639","280.00","280.00","E-TOP(PUR)","Locaste","7-31SPW0035","7-31SPW0035001"
"=""M170223112202000074204484""","广东发展银行","840.00","2.52","2441096654","支付成功","2017-02-23 11:23:27","2017-02-23 11:23:27","已审核","759902234981","280.00","280.00","E-TOP(PUR)","Locaste","7-31SPW0035","7-31SPW0035001"
"=""M170223112202000074204484""","广东发展银行","840.00","2.52","2441096654","支付成功","2017-02-23 11:23:27","2017-02-23 11:23:27","已审核","714002236174","280.00","280.00","E-TOP(PUR)","Locaste","7-31SPW0035","7-31SPW0035001"
"=""M170223101015000076155721""","兴业银行","270.00","0.81","2441009679","支付成功","2017-02-23 10:12:02","2017-02-23 10:12:02","已审核","787402232076","270.00","270.00","E-TOP(PUR)","Locaste","7-29SPW1054","7-29SPW105421G"
"=""M170222205551000073872917""","中国工商银行","250.00","0.75","2440737451","支付成功","2017-02-22 20:56:36","2017-02-22 20:56:37","已审核","781502222742","250.00","250.00","E-TOP(XH)","Locaste","7-27SPM1077","7-27SPM107702H"
"=""M170222175342000044895885""","兴业银行","280.00","0.84","2440676812","支付成功","2017-02-22 18:07:36","2017-02-22 18:07:36","已审核","742902226182","280.00","280.00","E-TOP(PUR)","Locaste","7-31SPW0035","7-31SPW0035001"
"=""M170222155209000073633834""","中国光大银行","290.00","0.87","2440599020","支付成功","2017-02-22 15:52:52","2017-02-22 15:52:52","已审核","750302223913","290.00","290.00","E-TOP(XH)","Locaste","7-25SRM2230","7-25SRM2230024"
"=""M170222155021000073047247""","中国光大银行","290.00","0.87","2440597607","支付成功","2017-02-22 15:51:43","2017-02-22 15:51:43","已审核","770102225332","290.00","290.00","E-TOP(XH)","Locaste","7-28SPW1053","7-28SPW105321G"
"=""M170222154917000073526472""","中国光大银行","290.00","0.00"," ","待支付","","","未审核","770102225332","290.00","290.00","E-TOP(XH)","Locaste","7-28SPW1053","7-28SPW105321G"
"=""M170222143329000072123276""","中国工商银行","280.00","0.84","2440529108","支付成功","2017-02-22 14:34:10","2017-02-22 14:34:10","已审核","757902225002","280.00","280.00","E-TOP(PUR)","Locaste","7-31SPW0035","7-31SPW0035001"
"=""M170222130941000073973187""","中国工商银行","250.00","0.75","2440469600","支付成功","2017-02-22 13:10:23","2017-02-22 13:10:23","已审核","744802227325","250.00","250.00","E-TOP(XH)","Locaste","7-27SPM1077","7-27SPM1077DB4"
"=""M170222125008000076438956""","兴业银行","270.00","0.81","2440458660","支付成功","2017-02-22 12:54:36","2017-02-22 12:54:36","已审核","787102225877","270.00","270.00","E-TOP(PUR)","Locaste","7-29SPW1027","7-29SPW1027RR1"
"=""M170222102932000076154180""","兴业银行","280.00","0.84","2440282127","支付成功","2017-02-22 10:30:50","2017-02-22 10:30:51","已审核","700602221475","280.00","280.00","E-TOP(PUR)","Locaste","7-31SPW0035","7-31SPW0035001"
"=""M170221210707000075575355""","兴业银行","250.00","0.75","2440009858","支付成功","2017-02-21 21:07:41","2017-02-21 21:07:42","已审核","797402210963","250.00","250.00","E-TOP(PUR)","Locaste","7-27SPM1035","7-27SPM1035286"
"=""M170221184929000073400134""","中国工商银行","250.00","0.75","2439958113","支付成功","2017-02-21 18:50:09","2017-02-21 18:50:09","已审核","799002218247","250.00","250.00","E-TOP(XH)","Locaste","7-27SPM1077","7-27SPM107702H"
"=""M170221180724000075354871""","兴业银行","270.00","0.81","2439943629","支付成功","2017-02-21 18:08:15","2017-02-21 18:08:15","已审核","768002211008","270.00","270.00","E-TOP(PUR)","Locaste","7-29SPW1054","7-29SPW105421G"
"=""M170221145511000073064823""","中国工商银行","290.00","0.87","2439806964","支付成功","2017-02-21 14:55:50","2017-02-21 14:55:50","已审核","734502217221","290.00","290.00","E-TOP(XH)","Locaste","7-25SRM2230","7-25SRM2230024"
"=""M170221114849000074349564""","广东发展银行","530.00","1.59","2439618902","支付成功","2017-02-21 11:49:27","2017-02-21 11:49:27","已审核","749102212526","280.00","280.00","E-TOP(PUR)","Locaste","7-27SPW0150","7-27SPW015012C"
"=""M170221114849000074349564""","广东发展银行","530.00","1.59","2439618902","支付成功","2017-02-21 11:49:27","2017-02-21 11:49:27","已审核","749502215814","250.00","250.00","E-TOP(PUR)","Locaste","7-27SPM1035","7-27SPM1035SW4"
"=""M170220215259000072916426""","中国工商银行","280.00","0.84","2439218573","支付成功","2017-02-20 21:53:42","2017-02-20 21:53:44","已审核","799802202835","280.00","280.00","E-TOP(XH)","Locaste","7-31SPW0035","7-31SPW0035001"
"=""M170220190001000073919394""","中国工商银行","290.00","0.87","2439150690","支付成功","2017-02-20 19:00:39","2017-02-20 19:00:39","已审核","775002203679","290.00","290.00","E-TOP(PUR)","Locaste","7-28SPW1053","7-28SPW105321G"
"=""M170220185907000072514167""","中国工商银行","560.00","1.68","2439150457","支付成功","2017-02-20 18:59:44","2017-02-20 18:59:44","已审核","753702201654","290.00","290.00","E-TOP(XH)","Locaste","7-29SPW1032","7-29SPW103221G"
"=""M170220185907000072514167""","中国工商银行","560.00","1.68","2439150457","支付成功","2017-02-20 18:59:44","2017-02-20 18:59:44","已审核","746802200488","270.00","270.00","E-TOP(PUR)","Locaste","7-29SPW1027","7-29SPW1027RR1"
"=""M170220175342000079968369""","中国工商银行","250.00","0.75","2439058804","支付成功","2017-02-20 18:03:59","2017-02-20 18:03:59","已审核","712002205395","250.00","250.00","E-TOP(PUR)","Locaste","7-27SPM1017","7-27SPM101712C"
"=""M170220172222000076024512""","兴业银行","280.00","0.84","2438958577","支付成功","2017-02-20 17:23:15","2017-02-20 17:23:15","已审核","719502208305","280.00","280.00","E-TOP(PUR)","Locaste","7-31SPW0035","7-31SPW0035001"
"=""M170220171801000030552583""","招商银行","299.00","0.00"," ","待支付","","","未审核","745602209436","299.00","299.00","E-TOP(PUR)","Locaste","7-30SPW0027","7-30SPW002721G"
"=""M170220153027000075117517""","兴业银行","250.00","0.75","2438837832","支付成功","2017-02-20 15:30:58","2017-02-20 15:30:58","已审核","789602201501","250.00","250.00","E-TOP(XH)","Locaste","7-27SPM1077","7-27SPM1077DB4"
"=""M170220152953000075345198""","兴业银行","250.00","0.75","2438835886","支付成功","2017-02-20 15:30:17","2017-02-20 15:30:17","已审核","760702209616","250.00","250.00","E-TOP(XH)","Locaste","7-27SPM1077","7-27SPM107702H"
"=""M170220152921000075903319""","兴业银行","290.00","0.87","2438835641","支付成功","2017-02-20 15:29:43","2017-02-20 15:29:44","已审核","774302207895","290.00","290.00","E-TOP(XH)","Locaste","7-25SRM3013","7-25SRM3013125"
"=""M170220152814000075431164""","兴业银行","250.00","0.75","2438835135","支付成功","2017-02-20 15:29:10","2017-02-20 15:29:11","已审核","714802201382","250.00","250.00","E-TOP(XH)","Locaste","7-27SPM1077","7-27SPM107702H"
"=""M170220152607000075196058""","兴业银行","290.00","0.87","2438833797","支付成功","2017-02-20 15:27:55","2017-02-20 15:27:55","已审核","773002202524","290.00","290.00","E-TOP(XH)","Locaste","7-25SRM3013","7-25SRM3013125"
"=""M170220150258000072636187""","中国工商银行","280.00","0.84","2438809197","支付成功","2017-02-20 15:03:57","2017-02-20 15:03:57","已审核","717202208246","280.00","280.00","E-TOP(PUR)","Locaste","7-29SPW1010","7-29SPW1010RR1"
"=""M170220150206000073661437""","中国工商银行","290.00","0.87","2438808614","支付成功","2017-02-20 15:02:48","2017-02-20 15:02:48","已审核","779402205448","290.00","290.00","E-TOP(XH)","Locaste","7-25SRM2230","7-25SRM2230158"
"=""M170220102535000074193645""","广东发展银行","280.00","0.84","2438451310","支付成功","2017-02-20 10:26:10","2017-02-20 10:26:11","已审核","731202200319","280.00","280.00","E-TOP(PUR)","Locaste","7-27SPW0150","7-27SPW015012C"
"=""M170219142820000042600644""","中国民生银行","250.00","0.75","2437910027","支付成功","2017-02-19 14:28:51","2017-02-19 14:28:52","已审核","700902199080","250.00","250.00","E-TOP(PUR)","Locaste","7-29SPM0030","7-29SPM003012C"
"=""M170219141936000042688766""","未知","250.00","0.00"," ","待支付","","","未审核","700902199080","250.00","250.00","E-TOP(PUR)","Locaste","7-29SPM0030","7-29SPM003012C"
"=""M170219141213000073858538""","中国工商银行","1430.00","4.29","2437904722","支付成功","2017-02-19 14:13:06","2017-02-19 14:13:06","已审核","712802192199","280.00","280.00","E-TOP(XH)","Locaste","7-31SPW0032","7-31SPW0032112"
"=""M170219141213000073858538""","中国工商银行","1430.00","4.29","2437904722","支付成功","2017-02-19 14:13:06","2017-02-19 14:13:06","已审核","765002193131","290.00","290.00","E-TOP(PUR)","Locaste","7-25SRM2230","7-25SRM2230078"
"=""M170219141213000073858538""","中国工商银行","1430.00","4.29","2437904722","支付成功","2017-02-19 14:13:06","2017-02-19 14:13:06","已审核","755302193574","290.00","290.00","E-TOP(XH)","Locaste","7-25SRM2230","7-25SRM2230024"
"=""M170219141213000073858538""","中国工商银行","1430.00","4.29","2437904722","支付成功","2017-02-19 14:13:06","2017-02-19 14:13:06","已审核","792302195898","290.00","290.00","E-TOP(XH)","Locaste","7-25SRM3013","7-25SRM3013125"
"=""M170219141213000073858538""","中国工商银行","1430.00","4.29","2437904722","支付成功","2017-02-19 14:13:06","2017-02-19 14:13:06","已审核","709102195971","280.00","280.00","E-TOP(XH)","Locaste","7-31SPW0032","7-31SPW0032112"
"=""M170219121452000075372049""","兴业银行","280.00","0.84","2437847121","支付成功","2017-02-19 12:15:48","2017-02-19 12:15:49","已审核","764102197314","280.00","280.00","E-TOP(PUR)","Locaste","7-31SPW0035","7-31SPW0035001"
"=""M170218184725000073952460""","中国工商银行","580.00","1.74","2437547609","支付成功","2017-02-18 18:48:01","2017-02-18 18:48:01","已审核","799202186087","290.00","290.00","E-TOP(XH)","Locaste","7-25SRM3013","7-25SRM3013125"
"=""M170218184725000073952460""","中国工商银行","580.00","1.74","2437547609","支付成功","2017-02-18 18:48:01","2017-02-18 18:48:01","已审核","731402184996","290.00","290.00","E-TOP(XH)","Locaste","7-28SPW1053","7-28SPW105321G"
"=""M170218141654000072008753""","中国光大银行","290.00","0.87","2437445987","支付成功","2017-02-18 14:18:18","2017-02-18 14:18:18","已审核","766002185244","290.00","290.00","E-TOP(PUR)","Locaste","7-28SPW1053","7-28SPW105321G"
"=""M170218121431000073773249""","中国工商银行","580.00","1.74","2437371093","支付成功","2017-02-18 12:15:17","2017-02-18 12:15:20","已审核","710502183463","290.00","290.00","E-TOP(XH)","Locaste","7-25SRM3013","7-25SRM3013007"
"=""M170218121431000073773249""","中国工商银行","580.00","1.74","2437371093","支付成功","2017-02-18 12:15:17","2017-02-18 12:15:20","已审核","756702184017","290.00","290.00","E-TOP(XH)","Locaste","7-25SRM3013","7-25SRM3013125"
"=""M170218100054000080281487""","中国工商银行","290.00","0.87","2437299386","支付成功","2017-02-18 10:03:02","2017-02-18 10:03:02","已审核","755702187595","290.00","290.00","E-TOP(XH)","Locaste","7-29SPW1032","7-29SPW103221G"
"=""M170217153922000072550996""","中国工商银行","290.00","0.87","2436947079","支付成功","2017-02-17 15:40:00","2017-02-17 15:40:00","已审核","744502176863","290.00","290.00","E-TOP(XH)","Locaste","7-29SPW1032","7-29SPW103221G"
"=""M170217133643000072858744""","中国工商银行","290.00","0.87","2436852696","支付成功","2017-02-17 13:37:22","2017-02-17 13:37:22","已审核","767602170951","290.00","290.00","E-TOP(XH)","Locaste","7-29SPW1032","7-29SPW103221G"
"=""M170217130512000073368172""","中国工商银行","580.00","1.74","2436831979","支付成功","2017-02-17 13:05:55","2017-02-17 13:05:55","已审核","793602174416","290.00","290.00","E-TOP(PUR)","Locaste","7-25SRM2230","7-25SRM2230078"
"=""M170217130512000073368172""","中国工商银行","580.00","1.74","2436831979","支付成功","2017-02-17 13:05:55","2017-02-17 13:05:55","已审核","744002179536","290.00","290.00","E-TOP(PUR)","Locaste","7-25SRM2230","7-25SRM2230078"
"=""M170217130404000073485809""","中国工商银行","580.00","0.00"," ","待支付","","","未审核","793602174416","290.00","290.00","E-TOP(PUR)","Locaste","7-25SRM2230","7-25SRM2230078"
"=""M170217130404000073485809""","中国工商银行","580.00","0.00"," ","待支付","","","未审核","744002179536","290.00","290.00","E-TOP(PUR)","Locaste","7-25SRM2230","7-25SRM2230078"
"=""M170217130301000072473334""","中国工商银行","290.00","0.87","2436830385","支付成功","2017-02-17 13:03:44","2017-02-17 13:03:44","已审核","798902176086","290.00","290.00","E-TOP(PUR)","Locaste","7-25SRM2230","7-25SRM2230078"
"=""M170217120711000074006992""","广东发展银行","280.00","0.84","2436778636","支付成功","2017-02-17 12:11:20","2017-02-17 12:11:22","已审核","777702176162","280.00","280.00","E-TOP(XH)","Locaste","7-27SPW0150","7-27SPW015021G"
"=""M170216200825000073300952""","中国工商银行","290.00","0.87","2436307148","支付成功","2017-02-16 20:09:44","2017-02-16 20:09:44","已审核","750702162292","290.00","290.00","E-TOP(PUR)","Locaste","7-28SPW1053","7-28SPW105321G"
"=""M170216153912000072664172""","中国工商银行","280.00","0.84","2436180515","支付成功","2017-02-16 15:39:49","2017-02-16 15:39:49","已审核","714602160907","280.00","280.00","E-TOP(PUR)","Locaste","7-27SPM1082","7-27SPM108202H"
"=""M170216131530000073330599""","中国工商银行","290.00","0.87","2436077751","支付成功","2017-02-16 13:16:06","2017-02-16 13:16:06","已审核","779402169500","290.00","290.00","E-TOP(XH)","Locaste","7-25SRM2230","7-25SRM2230125"
"=""M170216122733000075733412""","兴业银行","290.00","0.87","2436040521","支付成功","2017-02-16 12:28:11","2017-02-16 12:28:12","已审核","700802165920","290.00","290.00","E-TOP(XH)","Locaste","7-25SRM3013","7-25SRM3013007"
"=""M170215125709000073225328""","中国工商银行","580.00","1.74","2435329884","支付成功","2017-02-15 12:57:50","2017-02-15 12:57:51","已审核","710702143113","290.00","290.00","E-TOP(XH)","Locaste","7-25SRM3013","7-25SRM3013007"
"=""M170215125709000073225328""","中国工商银行","580.00","1.74","2435329884","支付成功","2017-02-15 12:57:50","2017-02-15 12:57:51","已审核","719902156203","290.00","290.00","E-TOP(XH)","Locaste","7-25SRM2230","7-25SRM2230024"
"=""M170215110044000042210515""","广东发展银行","800.00","2.40","2435223221","支付成功","2017-02-15 11:01:55","2017-02-15 11:01:56","已审核","749502150273","270.00","270.00","E-TOP(PUR)","Locaste","7-29SPW1027","7-29SPW1027PP2"
"=""M170215110044000042210515""","广东发展银行","800.00","2.40","2435223221","支付成功","2017-02-15 11:01:55","2017-02-15 11:01:56","已审核","702802152642","530.00","280.00","E-TOP(PUR)","Locaste","7-27SPW0150","7-27SPW015012C"
"=""M170215110044000042210515""","广东发展银行","800.00","2.40","2435223221","支付成功","2017-02-15 11:01:55","2017-02-15 11:01:56","已审核","702802152642","530.00","250.00","E-TOP(PUR)","Locaste","7-29SPW2210","7-29SPW221017C"
"=""M170215105346000076827245""","兴业银行","530.00","1.59","2435211021","支付成功","2017-02-15 10:54:55","2017-02-15 10:54:55","已审核","754602158341","280.00","280.00","E-TOP(PUR)","Locaste","7-31SPW0035","7-31SPW0035001"
"=""M170215105346000076827245""","兴业银行","530.00","1.59","2435211021","支付成功","2017-02-15 10:54:55","2017-02-15 10:54:55","已审核","707302155392","250.00","250.00","E-TOP(PUR)","Locaste","7-29SPW1017","7-29SPW1017PT2"
"=""M170215104303000076811309""","兴业银行","280.00","0.00"," ","待支付","","","未审核","754602158341","280.00","280.00","E-TOP(PUR)","Locaste","7-31SPW0035","7-31SPW0035001"
"=""M170214214214000075965761""","兴业银行","280.00","0.84","2434884623","支付成功","2017-02-14 21:42:52","2017-02-14 21:42:52","已审核","774002145473","280.00","280.00","E-TOP(PUR)","Locaste","7-29SPM0054","7-29SPM0054DG2"
"=""M170214214005000075584834""","兴业银行","280.00","0.00"," ","待支付","","","未审核","774002145473","280.00","280.00","E-TOP(PUR)","Locaste","7-29SPM0054","7-29SPM0054DG2"
"=""M170214192712000072227079""","中国工商银行","580.00","1.74","2434840613","支付成功","2017-02-14 19:27:49","2017-02-14 19:27:49","已审核","768802147593","290.00","290.00","E-TOP(XH)","Locaste","7-28SPW1053","7-28SPW105321G"
"=""M170214192712000072227079""","中国工商银行","580.00","1.74","2434840613","支付成功","2017-02-14 19:27:49","2017-02-14 19:27:49","已审核","717302140756","290.00","290.00","E-TOP(XH)","Locaste","7-25SRM3013","7-25SRM3013125"
"=""M170214191608000073806853""","中国工商银行","260.00","0.78","2434837442","支付成功","2017-02-14 19:16:44","2017-02-14 19:16:44","已审核","714202147027","260.00","260.00","E-TOP(PUR)","Locaste","7-27SPM3044","7-27SPM3044LQ2"
"=""M170214190522000075468530""","兴业银行","250.00","0.75","2434834673","支付成功","2017-02-14 19:07:08","2017-02-14 19:07:08","已审核","785702148118","250.00","250.00","E-TOP(PUR)","Locaste","7-29SPM0035","7-29SPM0035LB2"
"=""M170214190431000075469695""","兴业银行","250.00","0.00"," ","待支付","","","未审核","785702148118","250.00","250.00","E-TOP(PUR)","Locaste","7-29SPM0035","7-29SPM0035LB2"
"=""M170214142943000072728815""","中国工商银行","290.00","0.87","2434647520","支付成功","2017-02-14 14:30:47","2017-02-14 14:30:47","已审核","765202141213","290.00","290.00","E-TOP(PUR)","Locaste","7-30SPW0027","7-30SPW002702H"
"=""M170214141327000073757292""","中国工商银行","290.00","0.87","2434632501","支付成功","2017-02-14 14:14:10","2017-02-14 14:14:10","已审核","755602144278","290.00","290.00","E-TOP(XH)","Locaste","7-25SRM3013","7-25SRM3013007"
"=""M170214141044000072211318""","中国工商银行","290.00","0.87","2434630021","支付成功","2017-02-14 14:11:23","2017-02-14 14:11:23","已审核","712602146383","290.00","290.00","E-TOP(PUR)","Locaste","7-30SPW0027","7-30SPW002721G"
"=""M170214125058000076014275""","兴业银行","270.00","0.81","2434556872","支付成功","2017-02-14 12:52:56","2017-02-14 12:52:56","已审核","739502148104","270.00","270.00","E-TOP(PUR)","Locaste","7-29SPW1054","7-29SPW105421G"
"=""M170213145231000072182487""","中国工商银行","280.00","0.84","2433821887","支付成功","2017-02-13 14:53:13","2017-02-13 14:53:14","已审核","775602133268","280.00","280.00","E-TOP(XH)","Locaste","7-31SPW0032","7-31SPW0032112"
"=""M170213121436000069817852""","中国建设银行","2440.00","7.32","2433520566","支付成功","2017-02-13 12:15:13","2017-02-13 12:15:13","已审核","717302133204","280.00","280.00","E-TOP(PUR)","Locaste","7-27SPW0150","7-27SPW0150DB4"
"=""M170213121436000069817852""","中国建设银行","2440.00","7.32","2433520566","支付成功","2017-02-13 12:15:13","2017-02-13 12:15:13","已审核","716402137392","280.00","280.00","E-TOP(PUR)","Locaste","7-27SPM1082","7-27SPM108202H"
"=""M170213121436000069817852""","中国建设银行","2440.00","7.32","2433520566","支付成功","2017-02-13 12:15:13","2017-02-13 12:15:13","已审核","723402132557","270.00","270.00","E-TOP(PUR)","Locaste","7-29SPW1027","7-29SPW1027GG2"
"=""M170213121436000069817852""","中国建设银行","2440.00","7.32","2433520566","支付成功","2017-02-13 12:15:13","2017-02-13 12:15:13","已审核","740202139180","290.00","290.00","E-TOP(PUR)","Locaste","7-26SPW1021","7-26SPW1021DB4"
"=""M170213121436000069817852""","中国建设银行","2440.00","7.32","2433520566","支付成功","2017-02-13 12:15:13","2017-02-13 12:15:13","已审核","738402136353","280.00","280.00","E-TOP(PUR)","Locaste","7-27SPM1082","7-27SPM1082DR2"
"=""M170213121436000069817852""","中国建设银行","2440.00","7.32","2433520566","支付成功","2017-02-13 12:15:13","2017-02-13 12:15:13","已审核","769402137008","500.00","250.00","E-TOP(PUR)","Locaste","7-27SPM1035","7-27SPM1035SW4"
"=""M170213121436000069817852""","中国建设银行","2440.00","7.32","2433520566","支付成功","2017-02-13 12:15:13","2017-02-13 12:15:13","已审核","769402137008","500.00","250.00","E-TOP(PUR)","Locaste","7-27SPM1035","7-27SPM1035X96"
"=""M170213121436000069817852""","中国建设银行","2440.00","7.32","2433520566","支付成功","2017-02-13 12:15:13","2017-02-13 12:15:13","已审核","784402138823","290.00","290.00","E-TOP(XH)","Locaste","7-26SPW1021","7-26SPW102121G"
"=""M170213121436000069817852""","中国建设银行","2440.00","7.32","2433520566","支付成功","2017-02-13 12:15:13","2017-02-13 12:15:13","已审核","714402132174","250.00","250.00","E-TOP(PUR)","Locaste","7-27SPM1046","7-27SPM1046121"
"=""M170213121312000069905660""","未知","290.00","0.00"," ","待支付","","","未审核","784402138823","290.00","290.00","E-TOP(XH)","Locaste","7-26SPW1021","7-26SPW102121G"
"=""M170213120720000069974900""","中国建设银行","1900.00","0.00"," ","待支付","","","未审核","717302133204","280.00","280.00","E-TOP(PUR)","Locaste","7-27SPW0150","7-27SPW0150DB4"
"=""M170213120720000069974900""","中国建设银行","1900.00","0.00"," ","待支付","","","未审核","716402137392","280.00","280.00","E-TOP(PUR)","Locaste","7-27SPM1082","7-27SPM108202H"
"=""M170213120720000069974900""","中国建设银行","1900.00","0.00"," ","待支付","","","未审核","723402132557","270.00","270.00","E-TOP(PUR)","Locaste","7-29SPW1027","7-29SPW1027GG2"
"=""M170213120720000069974900""","中国建设银行","1900.00","0.00"," ","待支付","","","未审核","740202139180","290.00","290.00","E-TOP(PUR)","Locaste","7-26SPW1021","7-26SPW1021DB4"
"=""M170213120720000069974900""","中国建设银行","1900.00","0.00"," ","待支付","","","未审核","738402136353","280.00","280.00","E-TOP(PUR)","Locaste","7-27SPM1082","7-27SPM1082DR2"
"=""M170213120720000069974900""","中国建设银行","1900.00","0.00"," ","待支付","","","未审核","769402137008","500.00","250.00","E-TOP(PUR)","Locaste","7-27SPM1035","7-27SPM1035SW4"
"=""M170213120720000069974900""","中国建设银行","1900.00","0.00"," ","待支付","","","未审核","769402137008","500.00","250.00","E-TOP(PUR)","Locaste","7-27SPM1035","7-27SPM1035X96"
"=""M170213115616000069567305""","未知","280.00","0.00"," ","待支付","","","未审核","717302133204","280.00","280.00","E-TOP(PUR)","Locaste","7-27SPW0150","7-27SPW0150DB4"
"=""M170213114409000076486999""","兴业银行","270.00","0.81","2433484088","支付成功","2017-02-13 11:45:21","2017-02-13 11:45:21","已审核","702702130289","270.00","270.00","E-TOP(PUR)","Locaste","7-29SPW1027","7-29SPW1027RR1"
"=""M170213111824000069246717""","中国建设银行","500.00","1.50","2433463349","支付成功","2017-02-13 11:18:57","2017-02-13 11:18:57","已审核","790302137350","250.00","250.00","E-TOP(PUR)","Locaste","7-29SPM0036","7-29SPM003602H"
"=""M170213111824000069246717""","中国建设银行","500.00","1.50","2433463349","支付成功","2017-02-13 11:18:57","2017-02-13 11:18:57","已审核","757202130033","250.00","250.00","E-TOP(PUR)","Locaste","7-25SPM4018","7-25SPM401802H"
"=""M170213111811000069869196""","未知","500.00","0.00"," ","待支付","","","未审核","790302137350","250.00","250.00","E-TOP(PUR)","Locaste","7-29SPM0036","7-29SPM003602H"
"=""M170213111811000069869196""","未知","500.00","0.00"," ","待支付","","","未审核","757202130033","250.00","250.00","E-TOP(PUR)","Locaste","7-25SPM4018","7-25SPM401802H"
"=""M170212191744000073095542""","中国工商银行","250.00","0.75","2432994629","支付成功","2017-02-12 19:18:19","2017-02-12 19:18:19","已审核","781902127209","250.00","250.00","E-TOP(XH)","Locaste","7-28SPW1067","7-28SPW1067LY2"
"=""M170212191627000072516889""","中国工商银行","250.00","0.75","2432994338","支付成功","2017-02-12 19:17:09","2017-02-12 19:17:09","已审核","709702121096","250.00","250.00","E-TOP(PUR)","Locaste","7-27SPM1035","7-27SPM1035286"
"=""M170212155734000073135091""","中国工商银行","290.00","0.87","2432933823","支付成功","2017-02-12 15:58:15","2017-02-12 15:58:15","已审核","749202128069","290.00","290.00","E-TOP(XH)","Locaste","7-28SPW1053","7-28SPW105321G"
"=""M170212153112000072839360""","中国光大银行","290.00","0.87","2432925567","支付成功","2017-02-12 15:32:31","2017-02-12 15:32:31","已审核","715902123270","290.00","290.00","E-TOP(XH)","Locaste","7-29SPW1032","7-29SPW103221G"
"=""M170212150110000072483323""","中国工商银行","290.00","0.87","2432913471","支付成功","2017-02-12 15:01:42","2017-02-12 15:01:43","已审核","717102123602","290.00","290.00","E-TOP(PUR)","Locaste","7-30SPW0027","7-30SPW002721G"
"=""M170212150005000073267166""","中国工商银行","290.00","0.87","2432912925","支付成功","2017-02-12 15:00:48","2017-02-12 15:00:48","已审核","798302127008","290.00","290.00","E-TOP(XH)","Locaste","7-25SRM3013","7-25SRM3013125"
"=""M170211204740000075174981""","兴业银行","530.00","1.59","2432600724","支付成功","2017-02-11 20:49:20","2017-02-11 20:49:20","已审核","717302110960","530.00","250.00","E-TOP(PUR)","Locaste","7-27SPW0112","7-27SPW011213C"
"=""M170211204740000075174981""","兴业银行","530.00","1.59","2432600724","支付成功","2017-02-11 20:49:20","2017-02-11 20:49:20","已审核","717302110960","530.00","280.00","E-TOP(PUR)","Locaste","7-27SPW0150","7-27SPW015021G"
"=""M170211152348000073536325""","中国工商银行","290.00","0.87","2432501994","支付成功","2017-02-11 15:24:35","2017-02-11 15:24:35","已审核","764502111463","290.00","290.00","E-TOP(PUR)","Locaste","7-29SPW1032","7-29SPW103221G"
"=""M170210193739000075937015""","中国工商银行","280.00","0.84","2432123487","支付成功","2017-02-10 19:41:58","2017-02-10 19:41:59","已审核","791002102859","280.00","280.00","E-TOP(PUR)","Locaste","7-27SPM1082","7-27SPM108202H"
"=""M170210184437000075171144""","中国工商银行","280.00","0.00"," ","待支付","","","未审核","791002102859","280.00","280.00","E-TOP(PUR)","Locaste","7-27SPM1082","7-27SPM108202H"
"=""M170210183659000056313657""","广东发展银行","260.00","0.78","2432112073","支付成功","2017-02-10 19:00:17","2017-02-10 19:00:17","已审核","759802102694","260.00","260.00","E-TOP(PUR)","Locaste","7-27SPM3044","7-27SPM3044LB2"
"=""M170210143907000073646281""","中国工商银行","570.00","1.71","2431960227","支付成功","2017-02-10 14:39:41","2017-02-10 14:39:41","已审核","729202101957","280.00","280.00","E-TOP(XH)","Locaste","7-31SPW0032","7-31SPW0032112"
"=""M170210143907000073646281""","中国工商银行","570.00","1.71","2431960227","支付成功","2017-02-10 14:39:41","2017-02-10 14:39:41","已审核","733502101844","290.00","290.00","E-TOP(XH)","Locaste","7-25SRM3013","7-25SRM3013125"
"=""M170210143759000072099824""","中国工商银行","290.00","0.87","2431958518","支付成功","2017-02-10 14:38:43","2017-02-10 14:38:43","已审核","791702109503","290.00","290.00","E-TOP(XH)","Locaste","7-29SPW1032","7-29SPW103221G"
"=""M170210115936000073616298""","中国工商银行","290.00","0.87","2431802070","支付成功","2017-02-10 12:00:16","2017-02-10 12:00:16","已审核","763902104097","290.00","290.00","E-TOP(XH)","Locaste","7-25SRM3013","7-25SRM3013007"
"=""M170209213700000073211070""","中国工商银行","290.00","0.87","2431446103","支付成功","2017-02-09 21:37:38","2017-02-09 21:37:39","已审核","704802099725","290.00","290.00","E-TOP(XH)","Locaste","7-25SRM3013","7-25SRM3013007"
"=""M170209180705000075127712""","兴业银行","280.00","0.84","2431379650","支付成功","2017-02-09 18:07:36","2017-02-09 18:07:36","已审核","739402092448","280.00","280.00","E-TOP(PUR)","Locaste","7-31SPW0035","7-31SPW0035001"
"=""M170209134458000075853664""","兴业银行","290.00","0.87","2431114064","支付成功","2017-02-09 13:45:24","2017-02-09 13:45:24","已审核","704202081618","290.00","290.00","E-TOP(PUR)","Locaste","7-30SPW0027","7-30SPW002721G"
"=""M170209134414000075894203""","兴业银行","290.00","0.00"," ","待支付","","","未审核","704202081618","290.00","290.00","E-TOP(PUR)","Locaste","7-30SPW0027","7-30SPW002721G"
"=""M170209134325000075277636""","兴业银行","290.00","0.87","2431113324","支付成功","2017-02-09 13:44:00","2017-02-09 13:44:00","已审核","781902092295","290.00","290.00","E-TOP(XH)","Locaste","7-25SRM2230","7-25SRM2230125"
"=""M170209131045000075669297""","兴业银行","290.00","0.00"," ","待支付","","","未审核","704202081618","290.00","290.00","E-TOP(PUR)","Locaste","7-30SPW0027","7-30SPW002721G"
"=""M170209123700000073029527""","中国工商银行","580.00","1.74","2431075010","支付成功","2017-02-09 12:37:43","2017-02-09 12:37:44","已审核","704702098299","290.00","290.00","E-TOP(XH)","Locaste","7-25SRM2230","7-25SRM2230024"
"=""M170209123700000073029527""","中国工商银行","580.00","1.74","2431075010","支付成功","2017-02-09 12:37:43","2017-02-09 12:37:44","已审核","734302099986","290.00","290.00","E-TOP(XH)","Locaste","7-29SPW1032","7-29SPW103221G"
"=""M170209114403000072600899""","中国工商银行","580.00","1.74","2431025412","支付成功","2017-02-09 11:44:44","2017-02-09 11:44:44","已审核","747002096925","290.00","290.00","E-TOP(XH)","Locaste","7-25SRM2230","7-25SRM2230125"
"=""M170209114403000072600899""","中国工商银行","580.00","1.74","2431025412","支付成功","2017-02-09 11:44:44","2017-02-09 11:44:44","已审核","745202095464","290.00","290.00","E-TOP(PUR)","Locaste","7-30SPW0027","7-30SPW002702H"
"=""M170208180959000073257785""","中国工商银行","290.00","0.87","2430626593","支付成功","2017-02-08 18:10:42","2017-02-08 18:10:42","已审核","732702087735","290.00","290.00","E-TOP(XH)","Locaste","7-25SRM3013","7-25SRM3013125"
"=""M170208145947000076734684""","兴业银行","280.00","0.84","2430511714","支付成功","2017-02-08 15:01:03","2017-02-08 15:01:03","已审核","738102083242","280.00","280.00","E-TOP(PUR)","Locaste","7-29SPW1010","7-29SPW1010RR1"
"=""M170208132904000075202816""","兴业银行","250.00","0.75","2430421913","支付成功","2017-02-08 13:29:38","2017-02-08 13:29:38","已审核","787602087880","250.00","250.00","E-TOP(PUR)","Locaste","7-27SPW3000","7-27SPW3000DB4"
"=""M170208132611000075585442""","中国光大银行","250.00","0.00"," ","待支付","","","未审核","787602087880","250.00","250.00","E-TOP(PUR)","Locaste","7-27SPW3000","7-27SPW3000DB4"
"=""M170208132448000075023534""","中国工商银行","250.00","0.00"," ","待支付","","","未审核","787602087880","250.00","250.00","E-TOP(PUR)","Locaste","7-27SPW3000","7-27SPW3000DB4"
"=""M170208132413000075644217""","兴业银行","250.00","0.00"," ","待支付","","","未审核","787602087880","250.00","250.00","E-TOP(PUR)","Locaste","7-27SPW3000","7-27SPW3000DB4"
"=""M170208132337000075259257""","兴业银行","250.00","0.00"," ","待支付","","","未审核","787602087880","250.00","250.00","E-TOP(PUR)","Locaste","7-27SPW3000","7-27SPW3000DB4"
"=""M170208132314000075984035""","未知","250.00","0.00"," ","待支付","","","未审核","787602087880","250.00","250.00","E-TOP(PUR)","Locaste","7-27SPW3000","7-27SPW3000DB4"
"=""M170208132314000075772346""","未知","250.00","0.00"," ","待支付","","","未审核","787602087880","250.00","250.00","E-TOP(PUR)","Locaste","7-27SPW3000","7-27SPW3000DB4"
"=""M170208132314000075584556""","未知","250.00","0.00"," ","待支付","","","未审核","787602087880","250.00","250.00","E-TOP(PUR)","Locaste","7-27SPW3000","7-27SPW3000DB4"
"=""M170208132314000075392864""","未知","250.00","0.00"," ","待支付","","","未审核","787602087880","250.00","250.00","E-TOP(PUR)","Locaste","7-27SPW3000","7-27SPW3000DB4"
"=""M170208132234000075002534""","兴业银行","250.00","0.00"," ","待支付","","","未审核","787602087880","250.00","250.00","E-TOP(PUR)","Locaste","7-27SPW3000","7-27SPW3000DB4"
"=""M170208114622000074595184""","广东发展银行","280.00","0.84","2430346533","支付成功","2017-02-08 11:48:02","2017-02-08 11:48:02","已审核","779302083077","280.00","280.00","E-TOP(PUR)","Locaste","7-27SPW0150","7-27SPW015012C"
"=""M170208112305000073801439""","中国工商银行","290.00","0.87","2430326534","支付成功","2017-02-08 11:24:00","2017-02-08 11:24:00","已审核","784702089842","290.00","290.00","E-TOP(XH)","Locaste","7-25SRM3013","7-25SRM3013007"
"=""M170207225124000073888763""","中国工商银行","290.00","0.87","2430029705","支付成功","2017-02-07 22:51:59","2017-02-07 22:51:59","已审核","701802070543","290.00","290.00","E-TOP(XH)","Locaste","7-30SPW0027","7-30SPW002721G"
"=""M170207224957000072848397""","中国工商银行","580.00","1.74","2430029306","支付成功","2017-02-07 22:50:48","2017-02-07 22:50:48","已审核","786802070294","290.00","290.00","E-TOP(PUR)","Locaste","7-30SPW0027","7-30SPW002721G"
"=""M170207224957000072848397""","中国工商银行","580.00","1.74","2430029306","支付成功","2017-02-07 22:50:48","2017-02-07 22:50:48","已审核","793202079921","290.00","290.00","E-TOP(XH)","Locaste","7-30SPW0027","7-30SPW002721G"
"=""M170207181627000072955364""","中国工商银行","290.00","0.87","2429938244","支付成功","2017-02-07 18:17:13","2017-02-07 18:17:13","已审核","791202073699","290.00","290.00","E-TOP(XH)","Locaste","7-29SPW1032","7-29SPW103221G"
"=""M170207153859000072063494""","中国工商银行","290.00","0.87","2429853471","支付成功","2017-02-07 15:39:48","2017-02-07 15:39:48","已审核","734802075417","290.00","290.00","E-TOP(XH)","Locaste","7-30SPW0027","7-30SPW002721G"
"=""M170207151925000074078057""","广东发展银行","280.00","0.84","2429833840","支付成功","2017-02-07 15:20:08","2017-02-07 15:20:08","已审核","711502076805","280.00","280.00","E-TOP(XH)","Locaste","7-27SPW0150","7-27SPW015021G"
"=""M170207145336000072661693""","中国光大银行","290.00","0.87","2429806478","支付成功","2017-02-07 14:54:30","2017-02-07 14:54:30","已审核","791202076984","290.00","290.00","E-TOP(XH)","Locaste","7-29SPW1032","7-29SPW103221G"
"=""M170207145131000072753871""","中国光大银行","290.00","0.00"," ","待支付","","","未审核","791202076984","290.00","290.00","E-TOP(XH)","Locaste","7-29SPW1032","7-29SPW103221G"
"=""M170207135719000072556184""","中国光大银行","250.00","0.75","2429743218","支付成功","2017-02-07 13:59:13","2017-02-07 13:59:13","已审核","794902073598","250.00","250.00","E-TOP(PUR)","Locaste","7-29SPW2225","7-29SPW2225X96"
"=""M170207115557000073960999""","中国工商银行","290.00","0.87","2429655803","支付成功","2017-02-07 11:56:31","2017-02-07 11:56:31","已审核","729002070088","290.00","290.00","E-TOP(XH)","Locaste","7-25SRM3013","7-25SRM3013125"
"=""M170207115350000072009489""","中国工商银行","580.00","1.74","2429654322","支付成功","2017-02-07 11:54:44","2017-02-07 11:54:45","已审核","719102061564","290.00","290.00","E-TOP(PUR)","Locaste","7-30SPW0027","7-30SPW002721G"
"=""M170207115350000072009489""","中国工商银行","580.00","1.74","2429654322","支付成功","2017-02-07 11:54:44","2017-02-07 11:54:45","已审核","775502073504","290.00","290.00","E-TOP(XH)","Locaste","7-29SPW1032","7-29SPW103221G"
"=""M170206154921000073287787""","中国光大银行","290.00","0.87","2429161908","支付成功","2017-02-06 15:50:29","2017-02-06 15:50:29","已审核","773102064871","290.00","290.00","E-TOP(XH)","Locaste","7-29SPW1032","7-29SPW103221G"
"=""M170206150040000044636081""","兴业银行","250.00","0.75","2429109643","支付成功","2017-02-06 15:08:18","2017-02-06 15:08:18","已审核","751602063129","250.00","250.00","E-TOP(PUR)","Locaste","7-31SPM0028","7-31SPM0028PT2"
"=""M170206140610000072425693""","中国光大银行","2030.00","6.09","2429052416","支付成功","2017-02-06 14:08:14","2017-02-06 14:08:14","已审核","718802060991","290.00","290.00","E-TOP(XH)","Locaste","7-30SPW0027","7-30SPW002721G"
"=""M170206140610000072425693""","中国光大银行","2030.00","6.09","2429052416","支付成功","2017-02-06 14:08:14","2017-02-06 14:08:14","已审核","798102061819","290.00","290.00","E-TOP(XH)","Locaste","7-29SPW1032","7-29SPW103221G"
"=""M170206140610000072425693""","中国光大银行","2030.00","6.09","2429052416","支付成功","2017-02-06 14:08:14","2017-02-06 14:08:14","已审核","763002069647","290.00","290.00","E-TOP(PUR)","Locaste","7-30SPW0027","7-30SPW002721G"
"=""M170206140610000072425693""","中国光大银行","2030.00","6.09","2429052416","支付成功","2017-02-06 14:08:14","2017-02-06 14:08:14","已审核","711902067439","290.00","290.00","E-TOP(XH)","Locaste","7-25SRM3013","7-25SRM3013007"
"=""M170206140610000072425693""","中国光大银行","2030.00","6.09","2429052416","支付成功","2017-02-06 14:08:14","2017-02-06 14:08:14","已审核","726602065015","290.00","290.00","E-TOP(XH)","Locaste","7-29SPW1032","7-29SPW103221G"
"=""M170206140610000072425693""","中国光大银行","2030.00","6.09","2429052416","支付成功","2017-02-06 14:08:14","2017-02-06 14:08:14","已审核","782202068613","290.00","290.00","E-TOP(XH)","Locaste","7-29SPW1032","7-29SPW103221G"
"=""M170206140610000072425693""","中国光大银行","2030.00","6.09","2429052416","支付成功","2017-02-06 14:08:14","2017-02-06 14:08:14","已审核","767402065679","290.00","290.00","E-TOP(PUR)","Locaste","7-30SPW0027","7-30SPW002721G"
"=""M170206135514000075403483""","兴业银行","290.00","0.87","2429043489","支付成功","2017-02-06 13:56:00","2017-02-06 13:56:00","已审核","716702069133","290.00","290.00","E-TOP(XH)","Locaste","7-25SRM2230","7-25SRM2230024"
"=""M170206105955000074593301""","广东发展银行","280.00","0.84","2428896414","支付成功","2017-02-06 11:00:37","2017-02-06 11:00:38","已审核","775802060429","280.00","280.00","E-TOP(XH)","Locaste","7-27SPW0150","7-27SPW015021G"
"=""M170206092623000074772009""","广东发展银行","270.00","0.81","2428804935","支付成功","2017-02-06 09:27:01","2017-02-06 09:27:01","已审核","727802067558","270.00","270.00","E-TOP(PUR)","Locaste","7-29SPW1054","7-29SPW105421G"
"=""M170206092358000074082242""","广东发展银行","270.00","0.00"," ","待支付","","","未审核","727802067558","270.00","270.00","E-TOP(PUR)","Locaste","7-29SPW1054","7-29SPW105421G"
"=""M170205174401000075303299""","兴业银行","250.00","0.75","2428504426","支付成功","2017-02-05 17:45:26","2017-02-05 17:45:26","已审核","778102054675","250.00","250.00","E-TOP(PUR)","Locaste","7-27SPM1035","7-27SPM1035X96"
"=""M170205174307000075770946""","兴业银行","290.00","0.87","2428504222","支付成功","2017-02-05 17:43:50","2017-02-05 17:43:51","已审核","770702053896","290.00","290.00","E-TOP(PUR)","Locaste","7-30SPW0027","7-30SPW002721G"
"=""M170205155113000072020226""","中国工商银行","290.00","0.87","2428462552","支付成功","2017-02-05 15:51:41","2017-02-05 15:51:41","已审核","726002055999","290.00","290.00","E-TOP(PUR)","Locaste","7-30SPW0027","7-30SPW002721G"
"=""M170205152405000073523443""","中国工商银行","580.00","1.74","2428451597","支付成功","2017-02-05 15:24:32","2017-02-05 15:24:32","已审核","739202058957","290.00","290.00","E-TOP(XH)","Locaste","7-25SRM3013","7-25SRM3013007"
"=""M170205152405000073523443""","中国工商银行","580.00","1.74","2428451597","支付成功","2017-02-05 15:24:32","2017-02-05 15:24:32","已审核","702202052839","290.00","290.00","E-TOP(XH)","Locaste","7-25SRM2230","7-25SRM2230024"
"=""M170205152059000072428205""","中国工商银行","580.00","1.74","2428450623","支付成功","2017-02-05 15:21:21","2017-02-05 15:21:21","已审核","715902050241","290.00","290.00","E-TOP(XH)","Locaste","7-30SPW0027","7-30SPW002721G"
"=""M170205152059000072428205""","中国工商银行","580.00","1.74","2428450623","支付成功","2017-02-05 15:21:21","2017-02-05 15:21:21","已审核","789002052018","290.00","290.00","E-TOP(XH)","Locaste","7-30SPW0027","7-30SPW002721G"
"=""M170205124014000073824039""","中国工商银行","1410.00","4.23","2428358057","支付成功","2017-02-05 12:40:37","2017-02-05 12:40:37","已审核","758202053024","290.00","290.00","E-TOP(XH)","Locaste","7-25SRM3013","7-25SRM3013125"
"=""M170205124014000073824039""","中国工商银行","1410.00","4.23","2428358057","支付成功","2017-02-05 12:40:37","2017-02-05 12:40:37","已审核","734502055567","290.00","290.00","E-TOP(XH)","Locaste","7-30SPW0027","7-30SPW002721G"
"=""M170205124014000073824039""","中国工商银行","1410.00","4.23","2428358057","支付成功","2017-02-05 12:40:37","2017-02-05 12:40:37","已审核","701002055202","290.00","290.00","E-TOP(PUR)","Locaste","7-25SRM2230","7-25SRM2230078"
"=""M170205124014000073824039""","中国工商银行","1410.00","4.23","2428358057","支付成功","2017-02-05 12:40:37","2017-02-05 12:40:37","已审核","723402052349","250.00","250.00","E-TOP(PUR)","Locaste","7-31SPM0028","7-31SPM0028237"
"=""M170205124014000073824039""","中国工商银行","1410.00","4.23","2428358057","支付成功","2017-02-05 12:40:37","2017-02-05 12:40:37","已审核","757302053930","290.00","290.00","E-TOP(PUR)","Locaste","7-25SRM2230","7-25SRM2230078"
"=""M170205123909000072431628""","中国工商银行","830.00","2.49","2428357398","支付成功","2017-02-05 12:39:39","2017-02-05 12:39:40","已审核","759902053324","290.00","290.00","E-TOP(XH)","Locaste","7-30SPW0027","7-30SPW002721G"
"=""M170205123909000072431628""","中国工商银行","830.00","2.49","2428357398","支付成功","2017-02-05 12:39:39","2017-02-05 12:39:40","已审核","723802053674","290.00","290.00","E-TOP(XH)","Locaste","7-30SPW0027","7-30SPW002721G"
"=""M170205123909000072431628""","中国工商银行","830.00","2.49","2428357398","支付成功","2017-02-05 12:39:39","2017-02-05 12:39:40","已审核","735502057220","250.00","250.00","E-TOP(PUR)","Locaste","7-31SPM0028","7-31SPM0028237"
"=""M170205100807000074645820""","广东发展银行","560.00","1.68","2428274479","支付成功","2017-02-05 10:09:21","2017-02-05 10:09:21","已审核","748802058891","280.00","280.00","E-TOP(XH)","Locaste","7-27SPW0150","7-27SPW015021G"
"=""M170205100807000074645820""","广东发展银行","560.00","1.68","2428274479","支付成功","2017-02-05 10:09:21","2017-02-05 10:09:21","已审核","797102058672","280.00","280.00","E-TOP(PUR)","Locaste","7-27SPW0150","7-27SPW0150DR2"
"=""M170204210241000045501122""","平安银行","270.00","0.81","2428105409","支付成功","2017-02-04 21:06:09","2017-02-04 21:06:10","已审核","790202041950","270.00","270.00","E-TOP(PUR)","Locaste","7-29SPW1027","7-29SPW1027RR1"
"=""M170204165917000072991386""","中国工商银行","580.00","1.74","2428002761","支付成功","2017-02-04 16:59:43","2017-02-04 16:59:44","已审核","729902046842","290.00","290.00","E-TOP(XH)","Locaste","7-30SPW0027","7-30SPW002721G"
"=""M170204165917000072991386""","中国工商银行","580.00","1.74","2428002761","支付成功","2017-02-04 16:59:43","2017-02-04 16:59:44","已审核","738102044574","290.00","290.00","E-TOP(XH)","Locaste","7-30SPW0027","7-30SPW002721G"
"=""M170204154541000072740066""","中国工商银行","290.00","0.87","2427950480","支付成功","2017-02-04 15:46:17","2017-02-04 15:46:17","已审核","736902046131","290.00","290.00","E-TOP(XH)","Locaste","7-30SPW0027","7-30SPW002721G"
"=""M170204141623000072812316""","中国光大银行","290.00","0.87","2427851857","支付成功","2017-02-04 14:17:39","2017-02-04 14:17:40","已审核","717902046036","290.00","290.00","E-TOP(XH)","Locaste","7-30SPW0027","7-30SPW002721G"
"=""M170204120117000073496733""","中国工商银行","290.00","0.87","2427743961","支付成功","2017-02-04 12:01:41","2017-02-04 12:01:42","已审核","764102044282","290.00","290.00","E-TOP(XH)","Locaste","7-25SRM2230","7-25SRM2230125"
"=""M170204115947000072811645""","中国工商银行","1740.00","5.22","2427740517","支付成功","2017-02-04 12:00:22","2017-02-04 12:00:22","已审核","790102041246","290.00","290.00","E-TOP(XH)","Locaste","7-30SPW0027","7-30SPW002721G"
"=""M170204115947000072811645""","中国工商银行","1740.00","5.22","2427740517","支付成功","2017-02-04 12:00:22","2017-02-04 12:00:22","已审核","700302042504","290.00","290.00","E-TOP(XH)","Locaste","7-30SPW0027","7-30SPW002721G"
"=""M170204115947000072811645""","中国工商银行","1740.00","5.22","2427740517","支付成功","2017-02-04 12:00:22","2017-02-04 12:00:22","已审核","716902048448","290.00","290.00","E-TOP(XH)","Locaste","7-30SPW0027","7-30SPW002721G"
"=""M170204115947000072811645""","中国工商银行","1740.00","5.22","2427740517","支付成功","2017-02-04 12:00:22","2017-02-04 12:00:22","已审核","732902041497","290.00","290.00","E-TOP(XH)","Locaste","7-30SPW0027","7-30SPW002721G"
"=""M170204115947000072811645""","中国工商银行","1740.00","5.22","2427740517","支付成功","2017-02-04 12:00:22","2017-02-04 12:00:22","已审核","790702045067","290.00","290.00","E-TOP(XH)","Locaste","7-30SPW0027","7-30SPW002721G"
"=""M170204115947000072811645""","中国工商银行","1740.00","5.22","2427740517","支付成功","2017-02-04 12:00:22","2017-02-04 12:00:22","已审核","742602043965","290.00","290.00","E-TOP(XH)","Locaste","7-30SPW0027","7-30SPW002721G"
"=""M170204110706000074364065""","广东发展银行","810.00","2.43","2427703233","支付成功","2017-02-04 11:08:48","2017-02-04 11:08:48","已审核","707702048482","270.00","270.00","E-TOP(PUR)","Locaste","7-29SPW1054","7-29SPW1054DB4"
"=""M170204110706000074364065""","广东发展银行","810.00","2.43","2427703233","支付成功","2017-02-04 11:08:48","2017-02-04 11:08:48","已审核","703302043828","270.00","270.00","E-TOP(PUR)","Locaste","7-29SPW1054","7-29SPW1054DB4"
"=""M170204110706000074364065""","广东发展银行","810.00","2.43","2427703233","支付成功","2017-02-04 11:08:48","2017-02-04 11:08:48","已审核","726102048049","270.00","270.00","E-TOP(PUR)","Locaste","7-29SPW1054","7-29SPW1054DB4"
"=""M170203185619000075897654""","兴业银行","280.00","0.84","2427315792","支付成功","2017-02-03 18:56:53","2017-02-03 18:56:54","已审核","711302037193","280.00","280.00","E-TOP(XH)","Locaste","7-31SPW0032","7-31SPW00321F2"
"=""M170203143741000073928582""","中国工商银行","1450.00","4.35","2426952915","支付成功","2017-02-03 14:38:07","2017-02-03 14:38:07","已审核","708202037905","290.00","290.00","E-TOP(XH)","Locaste","7-25SRM3013","7-25SRM3013125"
"=""M170203143741000073928582""","中国工商银行","1450.00","4.35","2426952915","支付成功","2017-02-03 14:38:07","2017-02-03 14:38:07","已审核","727902035373","870.00","290.00","E-TOP(XH)","Locaste","7-30SPW0027","7-30SPW002721G"
"=""M170203143741000073928582""","中国工商银行","1450.00","4.35","2426952915","支付成功","2017-02-03 14:38:07","2017-02-03 14:38:07","已审核","727902035373","870.00","290.00","E-TOP(XH)","Locaste","7-30SPW0027","7-30SPW002721G"
"=""M170203143741000073928582""","中国工商银行","1450.00","4.35","2426952915","支付成功","2017-02-03 14:38:07","2017-02-03 14:38:07","已审核","727902035373","870.00","290.00","E-TOP(XH)","Locaste","7-30SPW0027","7-30SPW002721G"
"=""M170203143741000073928582""","中国工商银行","1450.00","4.35","2426952915","支付成功","2017-02-03 14:38:07","2017-02-03 14:38:07","已审核","777202033692","290.00","290.00","E-TOP(XH)","Locaste","7-25SRM3013","7-25SRM3013007"
"=""M170203143218000072152354""","中国工商银行","290.00","0.87","2426941221","支付成功","2017-02-03 14:32:48","2017-02-03 14:32:48","已审核","716202033393","290.00","290.00","E-TOP(XH)","Locaste","7-30SPW0027","7-30SPW002721G"
"=""M170203131337000072271296""","中国工商银行","580.00","1.74","2426881863","支付成功","2017-02-03 13:14:06","2017-02-03 13:14:06","已审核","777802034173","580.00","290.00","E-TOP(XH)","Locaste","7-30SPW0027","7-30SPW002721G"
"=""M170203131337000072271296""","中国工商银行","580.00","1.74","2426881863","支付成功","2017-02-03 13:14:06","2017-02-03 13:14:06","已审核","777802034173","580.00","290.00","E-TOP(XH)","Locaste","7-29SPW1032","7-29SPW103221G"
"=""M170203130640000074965655""","广东发展银行","280.00","0.84","2426874051","支付成功","2017-02-03 13:07:22","2017-02-03 13:07:22","已审核","796302039084","280.00","280.00","E-TOP(XH)","Locaste","7-27SPW0150","7-27SPW015021G"
"=""M170203130336000074784549""","广东发展银行","280.00","0.84","2426870867","支付成功","2017-02-03 13:05:03","2017-02-03 13:05:04","已审核","738502034904","280.00","280.00","E-TOP(XH)","Locaste","7-27SPW0150","7-27SPW015021G"
"=""M170202195305000073088462""","中国工商银行","1740.00","5.22","2426213295","支付成功","2017-02-02 19:53:27","2017-02-02 19:53:28","已审核","708402025291","290.00","290.00","E-TOP(XH)","Locaste","7-30SPW0027","7-30SPW002721G"
"=""M170202195305000073088462""","中国工商银行","1740.00","5.22","2426213295","支付成功","2017-02-02 19:53:27","2017-02-02 19:53:28","已审核","746302026680","290.00","290.00","E-TOP(XH)","Locaste","7-25SRM2230","7-25SRM2230024"
"=""M170202195305000073088462""","中国工商银行","1740.00","5.22","2426213295","支付成功","2017-02-02 19:53:27","2017-02-02 19:53:28","已审核","737702023406","290.00","290.00","E-TOP(XH)","Locaste","7-29SPW1032","7-29SPW103221G"
"=""M170202195305000073088462""","中国工商银行","1740.00","5.22","2426213295","支付成功","2017-02-02 19:53:27","2017-02-02 19:53:28","已审核","782302021111","290.00","290.00","E-TOP(XH)","Locaste","7-30SPW0027","7-30SPW002721G"
"=""M170202195305000073088462""","中国工商银行","1740.00","5.22","2426213295","支付成功","2017-02-02 19:53:27","2017-02-02 19:53:28","已审核","782102028253","290.00","290.00","E-TOP(XH)","Locaste","7-30SPW0027","7-30SPW002721G"
"=""M170202195305000073088462""","中国工商银行","1740.00","5.22","2426213295","支付成功","2017-02-02 19:53:27","2017-02-02 19:53:28","已审核","738702022563","290.00","290.00","E-TOP(XH)","Locaste","7-30SPW0027","7-30SPW002721G"
"=""M170202194126000072555215""","中国工商银行","290.00","0.87","2426210299","支付成功","2017-02-02 19:42:56","2017-02-02 19:42:56","已审核","752502021715","290.00","290.00","E-TOP(XH)","Locaste","7-30SPW0027","7-30SPW002721G"
"=""M170202185927000072770186""","中国工商银行","3760.00","11.28","2426199540","支付成功","2017-02-02 19:00:06","2017-02-02 19:00:06","已审核","703302027290","290.00","290.00","E-TOP(XH)","Locaste","7-30SPW0027","7-30SPW002721G"
"=""M170202185927000072770186""","中国工商银行","3760.00","11.28","2426199540","支付成功","2017-02-02 19:00:06","2017-02-02 19:00:06","已审核","777802026523","580.00","290.00","E-TOP(XH)","Locaste","7-30SPW0027","7-30SPW002721G"
"=""M170202185927000072770186""","中国工商银行","3760.00","11.28","2426199540","支付成功","2017-02-02 19:00:06","2017-02-02 19:00:06","已审核","777802026523","580.00","290.00","E-TOP(XH)","Locaste","7-29SPW1032","7-29SPW103221G"
"=""M170202185927000072770186""","中国工商银行","3760.00","11.28","2426199540","支付成功","2017-02-02 19:00:06","2017-02-02 19:00:06","已审核","740502025999","290.00","290.00","E-TOP(XH)","Locaste","7-30SPW0027","7-30SPW002721G"
"=""M170202185927000072770186""","中国工商银行","3760.00","11.28","2426199540","支付成功","2017-02-02 19:00:06","2017-02-02 19:00:06","已审核","764602021812","280.00","280.00","E-TOP(XH)","Locaste","7-31SPW0032","7-31SPW0032003"
"=""M170202185927000072770186""","中国工商银行","3760.00","11.28","2426199540","支付成功","2017-02-02 19:00:06","2017-02-02 19:00:06","已审核","799502026034","290.00","290.00","E-TOP(XH)","Locaste","7-30SPW0027","7-30SPW002721G"
"=""M170202185927000072770186""","中国工商银行","3760.00","11.28","2426199540","支付成功","2017-02-02 19:00:06","2017-02-02 19:00:06","已审核","760502021877","290.00","290.00","E-TOP(XH)","Locaste","7-29SPW1032","7-29SPW103221G"
"=""M170202185927000072770186""","中国工商银行","3760.00","11.28","2426199540","支付成功","2017-02-02 19:00:06","2017-02-02 19:00:06","已审核","794002026045","290.00","290.00","E-TOP(XH)","Locaste","7-30SPW0027","7-30SPW002721G"
"=""M170202185927000072770186""","中国工商银行","3760.00","11.28","2426199540","支付成功","2017-02-02 19:00:06","2017-02-02 19:00:06","已审核","723902026260","290.00","290.00","E-TOP(XH)","Locaste","7-30SPW0027","7-30SPW002721G"
"=""M170202185927000072770186""","中国工商银行","3760.00","11.28","2426199540","支付成功","2017-02-02 19:00:06","2017-02-02 19:00:06","已审核","789602029894","290.00","290.00","E-TOP(XH)","Locaste","7-30SPW0027","7-30SPW002721G"
"=""M170202185927000072770186""","中国工商银行","3760.00","11.28","2426199540","支付成功","2017-02-02 19:00:06","2017-02-02 19:00:06","已审核","734702024951","290.00","290.00","E-TOP(XH)","Locaste","7-30SPW0027","7-30SPW002721G"
"=""M170202185927000072770186""","中国工商银行","3760.00","11.28","2426199540","支付成功","2017-02-02 19:00:06","2017-02-02 19:00:06","已审核","778302021959","290.00","290.00","E-TOP(XH)","Locaste","7-30SPW0027","7-30SPW002721G"
"=""M170202185927000072770186""","中国工商银行","3760.00","11.28","2426199540","支付成功","2017-02-02 19:00:06","2017-02-02 19:00:06","已审核","747602022301","290.00","290.00","E-TOP(XH)","Locaste","7-30SPW0027","7-30SPW002721G"
"=""M170202114018000075424334""","兴业银行","290.00","0.87","2426003451","支付成功","2017-02-02 11:41:15","2017-02-02 11:41:15","已审核","721702022991","290.00","290.00","E-TOP(XH)","Locaste","7-25SRM3013","7-25SRM3013125"
