"goods_id","sku_id","spu_id","货号","颜色","尺码","数量","单价"
"9018","216042","22267","7-31SPW0036","7-31SPW0036A75","35.5","",""
"9018","216043","22267","7-31SPW0036","7-31SPW0036A75","36","",""
"9018","216044","22267","7-31SPW0036","7-31SPW0036A75","37","",""
"9018","216045","22267","7-31SPW0036","7-31SPW0036A75","37.5","",""
"9018","216046","22267","7-31SPW0036","7-31SPW0036A75","38","",""
"9018","216047","22267","7-31SPW0036","7-31SPW0036A75","39","",""
"9018","216048","22268","7-31SPW0036","7-31SPW0036001","35.5","",""
"9018","216049","22268","7-31SPW0036","7-31SPW0036001","36","",""
"9018","216050","22268","7-31SPW0036","7-31SPW0036001","37","",""
"9018","216051","22268","7-31SPW0036","7-31SPW0036001","37.5","",""
"9018","216052","22268","7-31SPW0036","7-31SPW0036001","38","",""
"9018","216053","22268","7-31SPW0036","7-31SPW0036001","39","",""
"9018","216054","22269","7-31SPW0036","7-31SPW0036003","35.5","",""
"9018","216055","22269","7-31SPW0036","7-31SPW0036003","36","",""
"9018","216056","22269","7-31SPW0036","7-31SPW0036003","37","",""
"9018","216057","22269","7-31SPW0036","7-31SPW0036003","37.5","",""
"9018","216058","22269","7-31SPW0036","7-31SPW0036003","38","",""
"9018","216059","22269","7-31SPW0036","7-31SPW0036003","39","",""
"9017","216024","22264","7-31SPW0031","7-31SPW0031334","35.5","",""
"9017","216025","22264","7-31SPW0031","7-31SPW0031334","36","",""
"9017","216026","22264","7-31SPW0031","7-31SPW0031334","37","",""
"9017","216027","22264","7-31SPW0031","7-31SPW0031334","37.5","",""
"9017","216028","22264","7-31SPW0031","7-31SPW0031334","38","",""
"9017","216029","22264","7-31SPW0031","7-31SPW0031334","39","",""
"9017","216030","22265","7-31SPW0031","7-31SPW0031125","35.5","",""
"9017","216031","22265","7-31SPW0031","7-31SPW0031125","36","",""
"9017","216032","22265","7-31SPW0031","7-31SPW0031125","37","",""
"9017","216033","22265","7-31SPW0031","7-31SPW0031125","37.5","",""
"9017","216034","22265","7-31SPW0031","7-31SPW0031125","38","",""
"9017","216035","22265","7-31SPW0031","7-31SPW0031125","39","",""
"9017","216036","22266","7-31SPW0031","7-31SPW00311F2","35.5","",""
"9017","216037","22266","7-31SPW0031","7-31SPW00311F2","36","",""
"9017","216038","22266","7-31SPW0031","7-31SPW00311F2","37","",""
"9017","216039","22266","7-31SPW0031","7-31SPW00311F2","37.5","",""
"9017","216040","22266","7-31SPW0031","7-31SPW00311F2","38","",""
"9017","216041","22266","7-31SPW0031","7-31SPW00311F2","39","",""
"9016","216012","22262","7-32SPW0120","7-32SPW0120007","35.5","",""
"9016","216013","22262","7-32SPW0120","7-32SPW0120007","36","",""
"9016","216014","22262","7-32SPW0120","7-32SPW0120007","37","",""
"9016","216015","22262","7-32SPW0120","7-32SPW0120007","37.5","",""
"9016","216016","22262","7-32SPW0120","7-32SPW0120007","38","",""
"9016","216017","22262","7-32SPW0120","7-32SPW0120007","39","",""
"9016","216018","22263","7-32SPW0120","7-32SPW012015J","35.5","",""
"9016","216019","22263","7-32SPW0120","7-32SPW012015J","36","",""
"9016","216020","22263","7-32SPW0120","7-32SPW012015J","37","",""
"9016","216021","22263","7-32SPW0120","7-32SPW012015J","37.5","",""
"9016","216022","22263","7-32SPW0120","7-32SPW012015J","38","",""
"9016","216023","22263","7-32SPW0120","7-32SPW012015J","39","",""
"9015","215989","22259","7-32SPW0122","7-32SPW0122001","35.5","",""
"9015","215990","22259","7-32SPW0122","7-32SPW0122001","36","",""
"9015","215991","22259","7-32SPW0122","7-32SPW0122001","37","",""
"9015","215992","22259","7-32SPW0122","7-32SPW0122001","37.5","",""
"9015","215993","22259","7-32SPW0122","7-32SPW0122001","38","",""
"9015","215994","22259","7-32SPW0122","7-32SPW0122001","39","",""
"9015","215995","22260","7-32SPW0122","7-32SPW0122003","35.5","",""
"9015","215996","22260","7-32SPW0122","7-32SPW0122003","36","",""
"9015","215997","22260","7-32SPW0122","7-32SPW0122003","37","",""
"9015","215998","22260","7-32SPW0122","7-32SPW0122003","37.5","",""
"9015","215999","22260","7-32SPW0122","7-32SPW0122003","38","",""
"9015","216000","22260","7-32SPW0122","7-32SPW0122003","39","",""
"9014","215988","22258","7-32SPW0123","7-32SPW012315J","38","",""
"9014","216001","22261","7-32SPW0123","7-32SPW0123007","38","",""
"9014","216002","22261","7-32SPW0123","7-32SPW0123007","35.5","",""
"9014","216003","22261","7-32SPW0123","7-32SPW0123007","36","",""
"9014","216004","22261","7-32SPW0123","7-32SPW0123007","37","",""
"9014","216005","22261","7-32SPW0123","7-32SPW0123007","37.5","",""
"9014","216006","22261","7-32SPW0123","7-32SPW0123007","39","",""
"9014","216007","22258","7-32SPW0123","7-32SPW012315J","35.5","",""
"9014","216008","22258","7-32SPW0123","7-32SPW012315J","36","",""
"9014","216009","22258","7-32SPW0123","7-32SPW012315J","37","",""
"9014","216010","22258","7-32SPW0123","7-32SPW012315J","37.5","",""
"9014","216011","22258","7-32SPW0123","7-32SPW012315J","39","",""
"9013","215976","22256","7-32SPW0118","7-32SPW0118001","35.5","",""
"9013","215977","22256","7-32SPW0118","7-32SPW0118001","36","",""
"9013","215978","22256","7-32SPW0118","7-32SPW0118001","37","",""
"9013","215979","22256","7-32SPW0118","7-32SPW0118001","37.5","",""
"9013","215980","22256","7-32SPW0118","7-32SPW0118001","38","",""
"9013","215981","22256","7-32SPW0118","7-32SPW0118001","39","",""
"9013","215982","22257","7-32SPW0118","7-32SPW0118003","35.5","",""
"9013","215983","22257","7-32SPW0118","7-32SPW0118003","36","",""
"9013","215984","22257","7-32SPW0118","7-32SPW0118003","37","",""
"9013","215985","22257","7-32SPW0118","7-32SPW0118003","37.5","",""
"9013","215986","22257","7-32SPW0118","7-32SPW0118003","38","",""
"9013","215987","22257","7-32SPW0118","7-32SPW0118003","39","",""
"9012","215964","22254","7-29SPW1032","7-29SPW103202H","35.5","",""
"9012","215965","22254","7-29SPW1032","7-29SPW103202H","36","",""
"9012","215966","22254","7-29SPW1032","7-29SPW103202H","37","",""
"9012","215967","22254","7-29SPW1032","7-29SPW103202H","37.5","",""
"9012","215968","22254","7-29SPW1032","7-29SPW103202H","38","",""
"9012","215969","22254","7-29SPW1032","7-29SPW103202H","39","",""
"9012","215970","22255","7-29SPW1032","7-29SPW103221G","35.5","",""
"9012","215971","22255","7-29SPW1032","7-29SPW103221G","36","",""
"9012","215972","22255","7-29SPW1032","7-29SPW103221G","37","",""
"9012","215973","22255","7-29SPW1032","7-29SPW103221G","37.5","",""
"9012","215974","22255","7-29SPW1032","7-29SPW103221G","38","",""
"9012","215975","22255","7-29SPW1032","7-29SPW103221G","39","",""
"9011","215919","22247","7-28SPW1023","7-28SPW102321G","35.5","",""
"9011","215920","22247","7-28SPW1023","7-28SPW102321G","36","",""
"9011","215921","22247","7-28SPW1023","7-28SPW102321G","37","",""
"9011","215922","22247","7-28SPW1023","7-28SPW102321G","37.5","",""
"9011","215923","22247","7-28SPW1023","7-28SPW102321G","38","",""
"9011","215924","22247","7-28SPW1023","7-28SPW102321G","39","",""
"9010","215912","22246","7-25SRM2230","7-25SRM2230024","39.5","",""
"9010","215913","22246","7-25SRM2230","7-25SRM2230024","40","",""
"9010","215914","22246","7-25SRM2230","7-25SRM2230024","40.5","",""
"9010","215915","22246","7-25SRM2230","7-25SRM2230024","41","",""
"9010","215916","22246","7-25SRM2230","7-25SRM2230024","42","",""
"9010","215917","22246","7-25SRM2230","7-25SRM2230024","43","",""
"9010","215918","22246","7-25SRM2230","7-25SRM2230024","44","",""
"9010","215943","22251","7-25SRM2230","7-25SRM2230158","39.5","",""
"9010","215944","22251","7-25SRM2230","7-25SRM2230158","40","",""
"9010","215945","22251","7-25SRM2230","7-25SRM2230158","40.5","",""
"9010","215946","22251","7-25SRM2230","7-25SRM2230158","41","",""
"9010","215947","22251","7-25SRM2230","7-25SRM2230158","42","",""
"9010","215948","22251","7-25SRM2230","7-25SRM2230158","43","",""
"9010","215949","22251","7-25SRM2230","7-25SRM2230158","44","",""
"9010","215950","22252","7-25SRM2230","7-25SRM2230125","39.5","",""
"9010","215951","22252","7-25SRM2230","7-25SRM2230125","40","",""
"9010","215952","22252","7-25SRM2230","7-25SRM2230125","40.5","",""
"9010","215953","22252","7-25SRM2230","7-25SRM2230125","41","",""
"9010","215954","22252","7-25SRM2230","7-25SRM2230125","42","",""
"9010","215955","22252","7-25SRM2230","7-25SRM2230125","43","",""
"9010","215956","22252","7-25SRM2230","7-25SRM2230125","44","",""
"9010","215957","22253","7-25SRM2230","7-25SRM2230078","39.5","",""
"9010","215958","22253","7-25SRM2230","7-25SRM2230078","40","",""
"9010","215959","22253","7-25SRM2230","7-25SRM2230078","40.5","",""
"9010","215960","22253","7-25SRM2230","7-25SRM2230078","41","",""
"9010","215961","22253","7-25SRM2230","7-25SRM2230078","42","",""
"9010","215962","22253","7-25SRM2230","7-25SRM2230078","43","",""
"9010","215963","22253","7-25SRM2230","7-25SRM2230078","44","",""
"9009","215894","22243","7-31SPW0032","7-31SPW00321F2","35.5","",""
"9009","215895","22243","7-31SPW0032","7-31SPW00321F2","36","",""
"9009","215896","22243","7-31SPW0032","7-31SPW00321F2","37","",""
"9009","215897","22243","7-31SPW0032","7-31SPW00321F2","37.5","",""
"9009","215898","22243","7-31SPW0032","7-31SPW00321F2","38","",""
"9009","215899","22243","7-31SPW0032","7-31SPW00321F2","39","",""
"9009","215900","22244","7-31SPW0032","7-31SPW0032003","35.5","",""
"9009","215901","22244","7-31SPW0032","7-31SPW0032003","36","",""
"9009","215902","22244","7-31SPW0032","7-31SPW0032003","37","",""
"9009","215903","22244","7-31SPW0032","7-31SPW0032003","37.5","",""
"9009","215904","22244","7-31SPW0032","7-31SPW0032003","38","",""
"9009","215905","22244","7-31SPW0032","7-31SPW0032003","39","",""
"9009","215906","22245","7-31SPW0032","7-31SPW0032112","35.5","",""
"9009","215907","22245","7-31SPW0032","7-31SPW0032112","36","",""
"9009","215908","22245","7-31SPW0032","7-31SPW0032112","37","",""
"9009","215909","22245","7-31SPW0032","7-31SPW0032112","37.5","",""
"9009","215910","22245","7-31SPW0032","7-31SPW0032112","38","",""
"9009","215911","22245","7-31SPW0032","7-31SPW0032112","39","",""
"9008","215880","22241","7-25SRM3013","7-25SRM3013007","39.5","",""
"9008","215881","22241","7-25SRM3013","7-25SRM3013007","40","",""
"9008","215882","22241","7-25SRM3013","7-25SRM3013007","40.5","",""
"9008","215883","22241","7-25SRM3013","7-25SRM3013007","41","",""
"9008","215884","22241","7-25SRM3013","7-25SRM3013007","42","",""
"9008","215885","22241","7-25SRM3013","7-25SRM3013007","43","",""
"9008","215886","22241","7-25SRM3013","7-25SRM3013007","44","",""
"9008","215887","22242","7-25SRM3013","7-25SRM3013125","39.5","",""
"9008","215888","22242","7-25SRM3013","7-25SRM3013125","40","",""
"9008","215889","22242","7-25SRM3013","7-25SRM3013125","40.5","",""
"9008","215890","22242","7-25SRM3013","7-25SRM3013125","41","",""
"9008","215891","22242","7-25SRM3013","7-25SRM3013125","42","",""
"9008","215892","22242","7-25SRM3013","7-25SRM3013125","43","",""
"9008","215893","22242","7-25SRM3013","7-25SRM3013125","44","",""
"9007","215868","22239","7-30SPW0008","7-30SPW0008DB4","35.5","",""
"9007","215869","22239","7-30SPW0008","7-30SPW0008DB4","36","",""
"9007","215870","22239","7-30SPW0008","7-30SPW0008DB4","37","",""
"9007","215871","22239","7-30SPW0008","7-30SPW0008DB4","37.5","",""
"9007","215872","22239","7-30SPW0008","7-30SPW0008DB4","38","",""
"9007","215873","22239","7-30SPW0008","7-30SPW0008DB4","39","",""
"9007","215874","22240","7-30SPW0008","7-30SPW0008DG2","35.5","",""
"9007","215875","22240","7-30SPW0008","7-30SPW0008DG2","36","",""
"9007","215876","22240","7-30SPW0008","7-30SPW0008DG2","37","",""
"9007","215877","22240","7-30SPW0008","7-30SPW0008DG2","37.5","",""
"9007","215878","22240","7-30SPW0008","7-30SPW0008DG2","38","",""
"9007","215879","22240","7-30SPW0008","7-30SPW0008DG2","39","",""
"9006","215856","22237","7-30SPW0027","7-30SPW002721G","35.5","",""
"9006","215857","22237","7-30SPW0027","7-30SPW002721G","36","",""
"9006","215858","22237","7-30SPW0027","7-30SPW002721G","37","",""
"9006","215859","22237","7-30SPW0027","7-30SPW002721G","37.5","",""
"9006","215860","22237","7-30SPW0027","7-30SPW002721G","39","",""
"9006","215861","22237","7-30SPW0027","7-30SPW002721G","38","",""
"9006","215862","22238","7-30SPW0027","7-30SPW002702H","35.5","",""
"9006","215863","22238","7-30SPW0027","7-30SPW002702H","36","",""
"9006","215864","22238","7-30SPW0027","7-30SPW002702H","37","",""
"9006","215865","22238","7-30SPW0027","7-30SPW002702H","37.5","",""
"9006","215866","22238","7-30SPW0027","7-30SPW002702H","38","",""
"9006","215867","22238","7-30SPW0027","7-30SPW002702H","39","",""
"9005","215844","22235","7-31SPW0035","7-31SPW0035003","35.5","",""
"9005","215845","22235","7-31SPW0035","7-31SPW0035003","36","",""
"9005","215846","22235","7-31SPW0035","7-31SPW0035003","37","",""
"9005","215847","22235","7-31SPW0035","7-31SPW0035003","37.5","",""
"9005","215848","22235","7-31SPW0035","7-31SPW0035003","38","",""
"9005","215849","22235","7-31SPW0035","7-31SPW0035003","39","",""
"9005","215850","22236","7-31SPW0035","7-31SPW0035001","35.5","",""
"9005","215851","22236","7-31SPW0035","7-31SPW0035001","36","",""
"9005","215852","22236","7-31SPW0035","7-31SPW0035001","37","",""
"9005","215853","22236","7-31SPW0035","7-31SPW0035001","37.5","",""
"9005","215854","22236","7-31SPW0035","7-31SPW0035001","38","",""
"9005","215855","22236","7-31SPW0035","7-31SPW0035001","39","",""
"9004","215832","22233","7-28SPW1072","7-28SPW1072LY2","35.5","",""
"9004","215833","22233","7-28SPW1072","7-28SPW1072LY2","36","",""
"9004","215834","22233","7-28SPW1072","7-28SPW1072LY2","37","",""
"9004","215835","22233","7-28SPW1072","7-28SPW1072LY2","37.5","",""
"9004","215836","22233","7-28SPW1072","7-28SPW1072LY2","38","",""
"9004","215837","22233","7-28SPW1072","7-28SPW1072LY2","39","",""
"9003","215826","22232","7-27SPW3000","7-27SPW3000DB4","35.5","",""
"9003","215827","22232","7-27SPW3000","7-27SPW3000DB4","36","",""
"9003","215828","22232","7-27SPW3000","7-27SPW3000DB4","37","",""
"9003","215829","22232","7-27SPW3000","7-27SPW3000DB4","37.5","",""
"9003","215830","22232","7-27SPW3000","7-27SPW3000DB4","38","",""
"9003","215831","22232","7-27SPW3000","7-27SPW3000DB4","39","",""
"9002","215803","22230","7-29SPW1023","7-29SPW1023GG2","35.5","",""
"9002","215804","22230","7-29SPW1023","7-29SPW1023GG2","36","",""
"9002","215805","22230","7-29SPW1023","7-29SPW1023GG2","37","",""
"9002","215806","22230","7-29SPW1023","7-29SPW1023GG2","37.5","",""
"9002","215807","22230","7-29SPW1023","7-29SPW1023GG2","38","",""
"9002","215808","22230","7-29SPW1023","7-29SPW1023GG2","39","",""
"9002","215838","22234","7-29SPW1023","7-29SPW102311C","35.5","",""
"9002","215839","22234","7-29SPW1023","7-29SPW102311C","36","",""
"9002","215840","22234","7-29SPW1023","7-29SPW102311C","37","",""
"9002","215841","22234","7-29SPW1023","7-29SPW102311C","37.5","",""
"9002","215842","22234","7-29SPW1023","7-29SPW102311C","38","",""
"9002","215843","22234","7-29SPW1023","7-29SPW102311C","39","",""
"8998","215739","22226","7-29SPM2021","7-29SPM2021X96","39.5","",""
"8998","215740","22226","7-29SPM2021","7-29SPM2021X96","40","",""
"8998","215741","22226","7-29SPM2021","7-29SPM2021X96","40.5","",""
"8998","215742","22226","7-29SPM2021","7-29SPM2021X96","41","",""
"8998","215743","22226","7-29SPM2021","7-29SPM2021X96","42","",""
"8998","215744","22226","7-29SPM2021","7-29SPM2021X96","42.5","",""
"8998","215745","22226","7-29SPM2021","7-29SPM2021X96","43","",""
"8998","215746","22226","7-29SPM2021","7-29SPM2021X96","44","",""
"8998","215747","22226","7-29SPM2021","7-29SPM2021X96","44.5","",""
"8998","215748","22226","7-29SPM2021","7-29SPM2021X96","45","",""
"8998","215749","22226","7-29SPM2021","7-29SPM2021X96","46","",""
"8998","215750","22226","7-29SPM2021","7-29SPM2021X96","47","",""
"8998","215751","22226","7-29SPM2021","7-29SPM2021X96","48","",""
"8998","215752","22226","7-29SPM2021","7-29SPM2021X96","49","",""
"8978","215377","22200","7-28SPW1067","7-28SPW1067LP2","35.5","",""
"8978","215378","22200","7-28SPW1067","7-28SPW1067LP2","36","",""
"8978","215379","22200","7-28SPW1067","7-28SPW1067LP2","37","",""
"8978","215380","22200","7-28SPW1067","7-28SPW1067LP2","37.5","",""
"8978","215381","22200","7-28SPW1067","7-28SPW1067LP2","38","",""
"8978","215382","22200","7-28SPW1067","7-28SPW1067LP2","39","",""
"8978","215383","22200","7-28SPW1067","7-28SPW1067LP2","39.5","",""
"8978","215384","22200","7-28SPW1067","7-28SPW1067LP2","40","",""
"8978","215385","22200","7-28SPW1067","7-28SPW1067LP2","40.5","",""
"8978","215386","22200","7-28SPW1067","7-28SPW1067LP2","41","",""
"8978","215387","22200","7-28SPW1067","7-28SPW1067LP2","42","",""
"8978","215388","22201","7-28SPW1067","7-28SPW1067LY2","35.5","",""
"8978","215389","22201","7-28SPW1067","7-28SPW1067LY2","36","",""
"8978","215390","22201","7-28SPW1067","7-28SPW1067LY2","37","",""
"8978","215391","22201","7-28SPW1067","7-28SPW1067LY2","37.5","",""
"8978","215392","22201","7-28SPW1067","7-28SPW1067LY2","38","",""
"8978","215393","22201","7-28SPW1067","7-28SPW1067LY2","39","",""
"8978","215394","22201","7-28SPW1067","7-28SPW1067LY2","39.5","",""
"8978","215395","22201","7-28SPW1067","7-28SPW1067LY2","40","",""
"8978","215396","22201","7-28SPW1067","7-28SPW1067LY2","40.5","",""
"8978","215397","22201","7-28SPW1067","7-28SPW1067LY2","41","",""
"8978","215398","22201","7-28SPW1067","7-28SPW1067LY2","42","",""
"7566","180850","19279","7-31SPW0034","7-31SPW0034334","35.5","",""
"7566","180851","19279","7-31SPW0034","7-31SPW0034334","36","",""
"7566","180852","19279","7-31SPW0034","7-31SPW0034334","37","",""
"7566","180853","19279","7-31SPW0034","7-31SPW0034334","37.5","",""
"7566","180854","19279","7-31SPW0034","7-31SPW0034334","38","",""
"7566","180855","19279","7-31SPW0034","7-31SPW0034334","39","",""
"7566","215925","22248","7-31SPW0034","7-31SPW0034125","35.5","",""
"7566","215926","22248","7-31SPW0034","7-31SPW0034125","36","",""
"7566","215927","22248","7-31SPW0034","7-31SPW0034125","37","",""
"7566","215928","22248","7-31SPW0034","7-31SPW0034125","37.5","",""
"7566","215929","22248","7-31SPW0034","7-31SPW0034125","38","",""
"7566","215930","22248","7-31SPW0034","7-31SPW0034125","39","",""
"7566","215931","22249","7-31SPW0034","7-31SPW0034024","35.5","",""
"7566","215932","22249","7-31SPW0034","7-31SPW0034024","36","",""
"7566","215933","22249","7-31SPW0034","7-31SPW0034024","37","",""
"7566","215934","22249","7-31SPW0034","7-31SPW0034024","37.5","",""
"7566","215935","22249","7-31SPW0034","7-31SPW0034024","38","",""
"7566","215936","22249","7-31SPW0034","7-31SPW0034024","39","",""
"7566","215937","22250","7-31SPW0034","7-31SPW00342K9","35.5","",""
"7566","215938","22250","7-31SPW0034","7-31SPW00342K9","36","",""
"7566","215939","22250","7-31SPW0034","7-31SPW00342K9","37","",""
"7566","215940","22250","7-31SPW0034","7-31SPW00342K9","37.5","",""
"7566","215941","22250","7-31SPW0034","7-31SPW00342K9","38","",""
"7566","215942","22250","7-31SPW0034","7-31SPW00342K9","39","",""
"7387","174749","18824","7-31SPM0055","7-31SPM0055024","39.5","",""
"7387","174750","18824","7-31SPM0055","7-31SPM0055024","40","",""
"7387","174751","18824","7-31SPM0055","7-31SPM0055024","40.5","",""
"7387","174752","18824","7-31SPM0055","7-31SPM0055024","41","",""
"7387","174753","18824","7-31SPM0055","7-31SPM0055024","42","",""
"7387","174755","18824","7-31SPM0055","7-31SPM0055024","43","",""
"7387","174756","18824","7-31SPM0055","7-31SPM0055024","44","",""
"7387","174794","18827","7-31SPM0055","7-31SPM0055125","39.5","",""
"7387","174795","18827","7-31SPM0055","7-31SPM0055125","40","",""
"7387","174796","18827","7-31SPM0055","7-31SPM0055125","40.5","",""
"7387","174797","18827","7-31SPM0055","7-31SPM0055125","41","",""
"7387","174798","18827","7-31SPM0055","7-31SPM0055125","42","",""
"7387","174800","18827","7-31SPM0055","7-31SPM0055125","43","",""
"7387","174801","18827","7-31SPM0055","7-31SPM0055125","44","",""
"7387","174839","18830","7-31SPM0055","7-31SPM0055047","39.5","",""
"7387","174840","18830","7-31SPM0055","7-31SPM0055047","40","",""
"7387","174841","18830","7-31SPM0055","7-31SPM0055047","40.5","",""
"7387","174842","18830","7-31SPM0055","7-31SPM0055047","41","",""
"7387","174843","18830","7-31SPM0055","7-31SPM0055047","42","",""
"7387","174845","18830","7-31SPM0055","7-31SPM0055047","43","",""
"7387","174846","18830","7-31SPM0055","7-31SPM0055047","44","",""
"6407","145268","16018","7-29SPW1030","7-29SPW103017K","35.5","",""
"6407","145269","16018","7-29SPW1030","7-29SPW103017K","36","",""
"6407","145270","16018","7-29SPW1030","7-29SPW103017K","37","",""
"6407","145271","16018","7-29SPW1030","7-29SPW103017K","37.5","",""
"6407","145272","16018","7-29SPW1030","7-29SPW103017K","38","",""
"6407","145273","16018","7-29SPW1030","7-29SPW103017K","39","",""
"6407","145274","16018","7-29SPW1030","7-29SPW103017K","39.5","",""
"6407","145275","16018","7-29SPW1030","7-29SPW103017K","40","",""
"6407","145276","16018","7-29SPW1030","7-29SPW103017K","40.5","",""
"6407","145277","16018","7-29SPW1030","7-29SPW103017K","41","",""
"6407","145278","16018","7-29SPW1030","7-29SPW103017K","42","",""
"6407","145279","16019","7-29SPW1030","7-29SPW10302S2","35.5","",""
"6407","145280","16019","7-29SPW1030","7-29SPW10302S2","36","",""
"6407","145281","16019","7-29SPW1030","7-29SPW10302S2","37","",""
"6407","145282","16019","7-29SPW1030","7-29SPW10302S2","37.5","",""
"6407","145283","16019","7-29SPW1030","7-29SPW10302S2","38","",""
"6407","145284","16019","7-29SPW1030","7-29SPW10302S2","39","",""
"6407","145285","16019","7-29SPW1030","7-29SPW10302S2","39.5","",""
"6407","145286","16019","7-29SPW1030","7-29SPW10302S2","40","",""
"6407","145287","16019","7-29SPW1030","7-29SPW10302S2","40.5","",""
"6407","145288","16019","7-29SPW1030","7-29SPW10302S2","41","",""
"6407","145289","16019","7-29SPW1030","7-29SPW10302S2","42","",""
"6407","145290","16020","7-29SPW1030","7-29SPW1030DB4","35.5","",""
"6407","145291","16020","7-29SPW1030","7-29SPW1030DB4","36","",""
"6407","145292","16020","7-29SPW1030","7-29SPW1030DB4","37","",""
"6407","145293","16020","7-29SPW1030","7-29SPW1030DB4","37.5","",""
"6407","145294","16020","7-29SPW1030","7-29SPW1030DB4","38","",""
"6407","145295","16020","7-29SPW1030","7-29SPW1030DB4","39","",""
"6407","145296","16020","7-29SPW1030","7-29SPW1030DB4","39.5","",""
"6407","145297","16020","7-29SPW1030","7-29SPW1030DB4","40","",""
"6407","145298","16020","7-29SPW1030","7-29SPW1030DB4","40.5","",""
"6407","145299","16020","7-29SPW1030","7-29SPW1030DB4","41","",""
"6407","145300","16020","7-29SPW1030","7-29SPW1030DB4","42","",""
"6407","147629","16260","7-29SPW1030","7-29SPW103021G","35.5","",""
"6407","147630","16260","7-29SPW1030","7-29SPW103021G","36","",""
"6407","147631","16260","7-29SPW1030","7-29SPW103021G","37","",""
"6407","147632","16260","7-29SPW1030","7-29SPW103021G","37.5","",""
"6407","147633","16260","7-29SPW1030","7-29SPW103021G","38","",""
"6407","147634","16260","7-29SPW1030","7-29SPW103021G","39","",""
"6407","147635","16260","7-29SPW1030","7-29SPW103021G","39.5","",""
"6407","147636","16260","7-29SPW1030","7-29SPW103021G","40","",""
"6407","147637","16260","7-29SPW1030","7-29SPW103021G","40.5","",""
"6407","147638","16260","7-29SPW1030","7-29SPW103021G","41","",""
"6407","147639","16260","7-29SPW1030","7-29SPW103021G","42","",""
"5201","136759","12807","7-29SPW2210","7-29SPW2210TT1","35.5","",""
"5201","136760","12807","7-29SPW2210","7-29SPW2210TT1","36","",""
"5201","136761","12807","7-29SPW2210","7-29SPW2210TT1","37","",""
"5201","136762","12807","7-29SPW2210","7-29SPW2210TT1","37.5","",""
"5201","136763","12807","7-29SPW2210","7-29SPW2210TT1","38","",""
"5201","136764","12807","7-29SPW2210","7-29SPW2210TT1","39","",""
"5201","136765","12807","7-29SPW2210","7-29SPW2210TT1","39.5","",""
"5201","136766","12807","7-29SPW2210","7-29SPW2210TT1","40","",""
"5201","136767","12807","7-29SPW2210","7-29SPW2210TT1","40.5","",""
"5201","136768","12807","7-29SPW2210","7-29SPW2210TT1","41","",""
"5201","136769","12807","7-29SPW2210","7-29SPW2210TT1","42","",""
"5201","138494","12938","7-29SPW2210","7-29SPW221017C","35.5","",""
"5201","138495","12938","7-29SPW2210","7-29SPW221017C","36","",""
"5201","138496","12938","7-29SPW2210","7-29SPW221017C","37","",""
"5201","138497","12938","7-29SPW2210","7-29SPW221017C","37.5","",""
"5201","138498","12938","7-29SPW2210","7-29SPW221017C","38","",""
"5201","138499","12938","7-29SPW2210","7-29SPW221017C","39","",""
"5201","138500","12938","7-29SPW2210","7-29SPW221017C","39.5","",""
"5201","138501","12938","7-29SPW2210","7-29SPW221017C","40","",""
"5201","138502","12938","7-29SPW2210","7-29SPW221017C","40.5","",""
"5201","138503","12938","7-29SPW2210","7-29SPW221017C","41","",""
"5201","138504","12938","7-29SPW2210","7-29SPW221017C","42","",""
"5201","144539","15926","7-29SPW2210","7-29SPW221013C","35.5","",""
"5201","144540","15926","7-29SPW2210","7-29SPW221013C","36","",""
"5201","144541","15926","7-29SPW2210","7-29SPW221013C","37","",""
"5201","144542","15926","7-29SPW2210","7-29SPW221013C","37.5","",""
"5201","144543","15926","7-29SPW2210","7-29SPW221013C","38","",""
"5201","144544","15926","7-29SPW2210","7-29SPW221013C","39","",""
"5201","144545","15926","7-29SPW2210","7-29SPW221013C","39.5","",""
"5201","144546","15926","7-29SPW2210","7-29SPW221013C","40","",""
"5201","144547","15926","7-29SPW2210","7-29SPW221013C","40.5","",""
"5201","144548","15926","7-29SPW2210","7-29SPW221013C","41","",""
"5201","144549","15926","7-29SPW2210","7-29SPW221013C","42","",""
"5200","136748","12806","7-25SPW1136","7-25SPW11361C9","35.5","",""
"5200","136749","12806","7-25SPW1136","7-25SPW11361C9","36","",""
"5200","136750","12806","7-25SPW1136","7-25SPW11361C9","37","",""
"5200","136751","12806","7-25SPW1136","7-25SPW11361C9","37.5","",""
"5200","136752","12806","7-25SPW1136","7-25SPW11361C9","38","",""
"5200","136753","12806","7-25SPW1136","7-25SPW11361C9","39","",""
"5200","136754","12806","7-25SPW1136","7-25SPW11361C9","39.5","",""
"5200","136755","12806","7-25SPW1136","7-25SPW11361C9","40","",""
"5200","136756","12806","7-25SPW1136","7-25SPW11361C9","40.5","",""
"5200","136757","12806","7-25SPW1136","7-25SPW11361C9","41","",""
"5200","136758","12806","7-25SPW1136","7-25SPW11361C9","42","",""
"5149","135210","12695","7-31SPM0028","7-31SPM00281R5","39.5","",""
"5149","135211","12695","7-31SPM0028","7-31SPM00281R5","40","",""
"5149","135212","12695","7-31SPM0028","7-31SPM00281R5","40.5","",""
"5149","135213","12695","7-31SPM0028","7-31SPM00281R5","41","",""
"5149","135214","12695","7-31SPM0028","7-31SPM00281R5","42","",""
"5149","135215","12695","7-31SPM0028","7-31SPM00281R5","42.5","",""
"5149","135216","12695","7-31SPM0028","7-31SPM00281R5","43","",""
"5149","135217","12695","7-31SPM0028","7-31SPM00281R5","44","",""
"5149","135218","12695","7-31SPM0028","7-31SPM00281R5","44.5","",""
"5149","135219","12695","7-31SPM0028","7-31SPM00281R5","45","",""
"5149","135220","12695","7-31SPM0028","7-31SPM00281R5","46","",""
"5149","135221","12695","7-31SPM0028","7-31SPM00281R5","47","",""
"5149","135222","12695","7-31SPM0028","7-31SPM00281R5","48","",""
"5149","135223","12695","7-31SPM0028","7-31SPM00281R5","49","",""
"5149","135225","12696","7-31SPM0028","7-31SPM0028237","39.5","",""
"5149","135226","12696","7-31SPM0028","7-31SPM0028237","40","",""
"5149","135227","12696","7-31SPM0028","7-31SPM0028237","40.5","",""
"5149","135228","12696","7-31SPM0028","7-31SPM0028237","41","",""
"5149","135229","12696","7-31SPM0028","7-31SPM0028237","42","",""
"5149","135230","12696","7-31SPM0028","7-31SPM0028237","42.5","",""
"5149","135231","12696","7-31SPM0028","7-31SPM0028237","43","",""
"5149","135232","12696","7-31SPM0028","7-31SPM0028237","44","",""
"5149","135233","12696","7-31SPM0028","7-31SPM0028237","44.5","",""
"5149","135234","12696","7-31SPM0028","7-31SPM0028237","45","",""
"5149","135235","12696","7-31SPM0028","7-31SPM0028237","46","",""
"5149","135236","12696","7-31SPM0028","7-31SPM0028237","47","",""
"5149","135237","12696","7-31SPM0028","7-31SPM0028237","48","",""
"5149","135238","12696","7-31SPM0028","7-31SPM0028237","49","",""
"5149","135240","12697","7-31SPM0028","7-31SPM0028DR5","39.5","",""
"5149","135241","12697","7-31SPM0028","7-31SPM0028DR5","40","",""
"5149","135242","12697","7-31SPM0028","7-31SPM0028DR5","40.5","",""
"5149","135243","12697","7-31SPM0028","7-31SPM0028DR5","41","",""
"5149","135244","12697","7-31SPM0028","7-31SPM0028DR5","42","",""
"5149","135245","12697","7-31SPM0028","7-31SPM0028DR5","42.5","",""
"5149","135246","12697","7-31SPM0028","7-31SPM0028DR5","43","",""
"5149","135247","12697","7-31SPM0028","7-31SPM0028DR5","44","",""
"5149","135248","12697","7-31SPM0028","7-31SPM0028DR5","44.5","",""
"5149","135249","12697","7-31SPM0028","7-31SPM0028DR5","45","",""
"5149","135250","12697","7-31SPM0028","7-31SPM0028DR5","46","",""
"5149","135251","12697","7-31SPM0028","7-31SPM0028DR5","47","",""
"5149","135252","12697","7-31SPM0028","7-31SPM0028DR5","48","",""
"5149","135253","12697","7-31SPM0028","7-31SPM0028DR5","49","",""
"5149","135255","12698","7-31SPM0028","7-31SPM0028PT2","39.5","",""
"5149","135256","12698","7-31SPM0028","7-31SPM0028PT2","40","",""
"5149","135257","12698","7-31SPM0028","7-31SPM0028PT2","40.5","",""
"5149","135258","12698","7-31SPM0028","7-31SPM0028PT2","41","",""
"5149","135259","12698","7-31SPM0028","7-31SPM0028PT2","42","",""
"5149","135260","12698","7-31SPM0028","7-31SPM0028PT2","42.5","",""
"5149","135261","12698","7-31SPM0028","7-31SPM0028PT2","43","",""
"5149","135262","12698","7-31SPM0028","7-31SPM0028PT2","44","",""
"5149","135263","12698","7-31SPM0028","7-31SPM0028PT2","44.5","",""
"5149","135264","12698","7-31SPM0028","7-31SPM0028PT2","45","",""
"5149","135265","12698","7-31SPM0028","7-31SPM0028PT2","46","",""
"5149","135266","12698","7-31SPM0028","7-31SPM0028PT2","47","",""
"5149","135267","12698","7-31SPM0028","7-31SPM0028PT2","48","",""
"5149","135268","12698","7-31SPM0028","7-31SPM0028PT2","49","",""
"61","1342","1467","7-27SPW0108","7-27SPW010811C","35.5","",""
"61","1343","1467","7-27SPW0108","7-27SPW010811C","36","",""
"61","1344","1467","7-27SPW0108","7-27SPW010811C","37","",""
"61","1345","1467","7-27SPW0108","7-27SPW010811C","37.5","",""
"61","1346","1467","7-27SPW0108","7-27SPW010811C","38","",""
"61","1347","1467","7-27SPW0108","7-27SPW010811C","39","",""
"61","1348","1467","7-27SPW0108","7-27SPW010811C","39.5","",""
"61","1349","1467","7-27SPW0108","7-27SPW010811C","40","",""
"61","1350","1467","7-27SPW0108","7-27SPW010811C","40.5","",""
"61","1351","1467","7-27SPW0108","7-27SPW010811C","41","",""
"61","1352","1467","7-27SPW0108","7-27SPW010811C","42","",""
"61","1353","1468","7-27SPW0108","7-27SPW0108LY2","35.5","",""
"61","1354","1468","7-27SPW0108","7-27SPW0108LY2","36","",""
"61","1355","1468","7-27SPW0108","7-27SPW0108LY2","37","",""
"61","1356","1468","7-27SPW0108","7-27SPW0108LY2","37.5","",""
"61","1357","1468","7-27SPW0108","7-27SPW0108LY2","38","",""
"61","1358","1468","7-27SPW0108","7-27SPW0108LY2","39","",""
"61","1359","1468","7-27SPW0108","7-27SPW0108LY2","39.5","",""
"61","1360","1468","7-27SPW0108","7-27SPW0108LY2","40","",""
"61","1361","1468","7-27SPW0108","7-27SPW0108LY2","40.5","",""
"61","1362","1468","7-27SPW0108","7-27SPW0108LY2","41","",""
"61","1363","1468","7-27SPW0108","7-27SPW0108LY2","42","",""
"61","215809","1468","7-27SPW0108","7-27SPW0108LY2","43","",""
"61","215810","1468","7-27SPW0108","7-27SPW0108LY2","44","",""
"61","215811","1467","7-27SPW0108","7-27SPW010811C","43","",""
"61","215812","1467","7-27SPW0108","7-27SPW010811C","44","",""
"61","215813","22231","7-27SPW0108","7-27SPW010813C","35.5","",""
"61","215814","22231","7-27SPW0108","7-27SPW010813C","36","",""
"61","215815","22231","7-27SPW0108","7-27SPW010813C","37","",""
"61","215816","22231","7-27SPW0108","7-27SPW010813C","37.5","",""
"61","215817","22231","7-27SPW0108","7-27SPW010813C","38","",""
"61","215818","22231","7-27SPW0108","7-27SPW010813C","39","",""
"61","215819","22231","7-27SPW0108","7-27SPW010813C","39.5","",""
"61","215820","22231","7-27SPW0108","7-27SPW010813C","40","",""
"61","215821","22231","7-27SPW0108","7-27SPW010813C","40.5","",""
"61","215822","22231","7-27SPW0108","7-27SPW010813C","41","",""
"61","215823","22231","7-27SPW0108","7-27SPW010813C","42","",""
"61","215824","22231","7-27SPW0108","7-27SPW010813C","43","",""
"61","215825","22231","7-27SPW0108","7-27SPW010813C","44","",""
"35","1088","82","7-28SPW1053","7-28SPW1053DB4","35.5","",""
"35","1089","82","7-28SPW1053","7-28SPW1053DB4","36","",""
"35","1090","82","7-28SPW1053","7-28SPW1053DB4","37","",""
"35","1091","82","7-28SPW1053","7-28SPW1053DB4","37.5","",""
"35","1092","82","7-28SPW1053","7-28SPW1053DB4","38","",""
"35","1093","82","7-28SPW1053","7-28SPW1053DB4","39","",""
"35","1094","82","7-28SPW1053","7-28SPW1053DB4","39.5","",""
"35","1095","82","7-28SPW1053","7-28SPW1053DB4","40","",""
"35","1096","82","7-28SPW1053","7-28SPW1053DB4","40.5","",""
"35","1097","82","7-28SPW1053","7-28SPW1053DB4","41","",""
"35","1098","82","7-28SPW1053","7-28SPW1053DB4","42","",""
"35","1099","83","7-28SPW1053","7-28SPW105302H","35.5","",""
"35","1100","83","7-28SPW1053","7-28SPW105302H","36","",""
"35","1101","83","7-28SPW1053","7-28SPW105302H","37","",""
"35","1102","83","7-28SPW1053","7-28SPW105302H","37.5","",""
"35","1103","83","7-28SPW1053","7-28SPW105302H","38","",""
"35","1104","83","7-28SPW1053","7-28SPW105302H","39","",""
"35","1105","83","7-28SPW1053","7-28SPW105302H","39.5","",""
"35","1106","83","7-28SPW1053","7-28SPW105302H","40","",""
"35","1107","83","7-28SPW1053","7-28SPW105302H","40.5","",""
"35","1108","83","7-28SPW1053","7-28SPW105302H","41","",""
"35","1109","83","7-28SPW1053","7-28SPW105302H","42","",""
"35","1110","84","7-28SPW1053","7-28SPW105321G","35.5","",""
"35","1111","84","7-28SPW1053","7-28SPW105321G","36","",""
"35","1112","84","7-28SPW1053","7-28SPW105321G","37","",""
"35","1113","84","7-28SPW1053","7-28SPW105321G","37.5","",""
"35","1114","84","7-28SPW1053","7-28SPW105321G","38","",""
"35","1115","84","7-28SPW1053","7-28SPW105321G","39","",""
"35","1116","84","7-28SPW1053","7-28SPW105321G","39.5","",""
"35","1117","84","7-28SPW1053","7-28SPW105321G","40","",""
"35","1118","84","7-28SPW1053","7-28SPW105321G","40.5","",""
"35","1119","84","7-28SPW1053","7-28SPW105321G","41","",""
"35","1120","84","7-28SPW1053","7-28SPW105321G","42","",""
"34","1077","81","7-28SPW1132","7-28SPW1132DB2","35.5","",""
"34","1078","81","7-28SPW1132","7-28SPW1132DB2","36","",""
"34","1079","81","7-28SPW1132","7-28SPW1132DB2","37","",""
"34","1080","81","7-28SPW1132","7-28SPW1132DB2","37.5","",""
"34","1081","81","7-28SPW1132","7-28SPW1132DB2","38","",""
"34","1082","81","7-28SPW1132","7-28SPW1132DB2","39","",""
"34","1083","81","7-28SPW1132","7-28SPW1132DB2","39.5","",""
"34","1084","81","7-28SPW1132","7-28SPW1132DB2","40","",""
"34","1085","81","7-28SPW1132","7-28SPW1132DB2","40.5","",""
"34","1086","81","7-28SPW1132","7-28SPW1132DB2","41","",""
"34","1087","81","7-28SPW1132","7-28SPW1132DB2","42","",""
"33","1062","80","7-29SPM0035","7-29SPM0035LB2","39.5","",""
"33","1063","80","7-29SPM0035","7-29SPM0035LB2","40","",""
"33","1064","80","7-29SPM0035","7-29SPM0035LB2","40.5","",""
"33","1065","80","7-29SPM0035","7-29SPM0035LB2","41","",""
"33","1066","80","7-29SPM0035","7-29SPM0035LB2","42","",""
"33","1067","80","7-29SPM0035","7-29SPM0035LB2","42.5","",""
"33","1068","80","7-29SPM0035","7-29SPM0035LB2","43","",""
"33","1069","80","7-29SPM0035","7-29SPM0035LB2","44","",""
"33","1070","80","7-29SPM0035","7-29SPM0035LB2","44.5","",""
"33","1071","80","7-29SPM0035","7-29SPM0035LB2","45","",""
"33","1072","80","7-29SPM0035","7-29SPM0035LB2","46","",""
"33","1073","80","7-29SPM0035","7-29SPM0035LB2","47","",""
"33","1074","80","7-29SPM0035","7-29SPM0035LB2","48","",""
"33","1075","80","7-29SPM0035","7-29SPM0035LB2","49","",""
"33","1076","80","7-29SPM0035","7-29SPM0035LB2","50","",""
"32","1017","77","7-29SPM0054","7-29SPM0054NN1","39.5","",""
"32","1018","77","7-29SPM0054","7-29SPM0054NN1","40","",""
"32","1019","77","7-29SPM0054","7-29SPM0054NN1","40.5","",""
"32","1020","77","7-29SPM0054","7-29SPM0054NN1","41","",""
"32","1021","77","7-29SPM0054","7-29SPM0054NN1","42","",""
"32","1022","77","7-29SPM0054","7-29SPM0054NN1","42.5","",""
"32","1023","77","7-29SPM0054","7-29SPM0054NN1","43","",""
"32","1024","77","7-29SPM0054","7-29SPM0054NN1","44","",""
"32","1025","77","7-29SPM0054","7-29SPM0054NN1","44.5","",""
"32","1026","77","7-29SPM0054","7-29SPM0054NN1","45","",""
"32","1027","77","7-29SPM0054","7-29SPM0054NN1","46","",""
"32","1028","77","7-29SPM0054","7-29SPM0054NN1","47","",""
"32","1029","77","7-29SPM0054","7-29SPM0054NN1","48","",""
"32","1030","77","7-29SPM0054","7-29SPM0054NN1","49","",""
"32","1031","77","7-29SPM0054","7-29SPM0054NN1","50","",""
"32","1032","78","7-29SPM0054","7-29SPM0054DR2","39.5","",""
"32","1033","78","7-29SPM0054","7-29SPM0054DR2","40","",""
"32","1034","78","7-29SPM0054","7-29SPM0054DR2","40.5","",""
"32","1035","78","7-29SPM0054","7-29SPM0054DR2","41","",""
"32","1036","78","7-29SPM0054","7-29SPM0054DR2","42","",""
"32","1037","78","7-29SPM0054","7-29SPM0054DR2","42.5","",""
"32","1038","78","7-29SPM0054","7-29SPM0054DR2","43","",""
"32","1039","78","7-29SPM0054","7-29SPM0054DR2","44","",""
"32","1040","78","7-29SPM0054","7-29SPM0054DR2","44.5","",""
"32","1041","78","7-29SPM0054","7-29SPM0054DR2","45","",""
"32","1042","78","7-29SPM0054","7-29SPM0054DR2","46","",""
"32","1043","78","7-29SPM0054","7-29SPM0054DR2","47","",""
"32","1044","78","7-29SPM0054","7-29SPM0054DR2","48","",""
"32","1045","78","7-29SPM0054","7-29SPM0054DR2","49","",""
"32","1046","78","7-29SPM0054","7-29SPM0054DR2","50","",""
"32","1047","79","7-29SPM0054","7-29SPM0054DG2","39.5","",""
"32","1048","79","7-29SPM0054","7-29SPM0054DG2","40","",""
"32","1049","79","7-29SPM0054","7-29SPM0054DG2","40.5","",""
"32","1050","79","7-29SPM0054","7-29SPM0054DG2","41","",""
"32","1051","79","7-29SPM0054","7-29SPM0054DG2","42","",""
"32","1052","79","7-29SPM0054","7-29SPM0054DG2","42.5","",""
"32","1053","79","7-29SPM0054","7-29SPM0054DG2","43","",""
"32","1054","79","7-29SPM0054","7-29SPM0054DG2","44","",""
"32","1055","79","7-29SPM0054","7-29SPM0054DG2","44.5","",""
"32","1056","79","7-29SPM0054","7-29SPM0054DG2","45","",""
"32","1057","79","7-29SPM0054","7-29SPM0054DG2","46","",""
"32","1058","79","7-29SPM0054","7-29SPM0054DG2","47","",""
"32","1059","79","7-29SPM0054","7-29SPM0054DG2","48","",""
"32","1060","79","7-29SPM0054","7-29SPM0054DG2","49","",""
"32","1061","79","7-29SPM0054","7-29SPM0054DG2","50","",""
"31","987","75","7-29SPM0002","7-29SPM000202H","39.5","",""
"31","988","75","7-29SPM0002","7-29SPM000202H","40","",""
"31","989","75","7-29SPM0002","7-29SPM000202H","40.5","",""
"31","990","75","7-29SPM0002","7-29SPM000202H","41","",""
"31","991","75","7-29SPM0002","7-29SPM000202H","42","",""
"31","992","75","7-29SPM0002","7-29SPM000202H","42.5","",""
"31","993","75","7-29SPM0002","7-29SPM000202H","43","",""
"31","994","75","7-29SPM0002","7-29SPM000202H","44","",""
"31","995","75","7-29SPM0002","7-29SPM000202H","44.5","",""
"31","996","75","7-29SPM0002","7-29SPM000202H","45","",""
"31","997","75","7-29SPM0002","7-29SPM000202H","46","",""
"31","998","75","7-29SPM0002","7-29SPM000202H","47","",""
"31","999","75","7-29SPM0002","7-29SPM000202H","48","",""
"31","1000","75","7-29SPM0002","7-29SPM000202H","49","",""
"31","1002","76","7-29SPM0002","7-29SPM0002DB4","39.5","",""
"31","1003","76","7-29SPM0002","7-29SPM0002DB4","40","",""
"31","1004","76","7-29SPM0002","7-29SPM0002DB4","40.5","",""
"31","1005","76","7-29SPM0002","7-29SPM0002DB4","41","",""
"31","1006","76","7-29SPM0002","7-29SPM0002DB4","42","",""
"31","1007","76","7-29SPM0002","7-29SPM0002DB4","42.5","",""
"31","1008","76","7-29SPM0002","7-29SPM0002DB4","43","",""
"31","1009","76","7-29SPM0002","7-29SPM0002DB4","44","",""
"31","1010","76","7-29SPM0002","7-29SPM0002DB4","44.5","",""
"31","1011","76","7-29SPM0002","7-29SPM0002DB4","45","",""
"31","1012","76","7-29SPM0002","7-29SPM0002DB4","46","",""
"31","1013","76","7-29SPM0002","7-29SPM0002DB4","47","",""
"31","1014","76","7-29SPM0002","7-29SPM0002DB4","48","",""
"31","1015","76","7-29SPM0002","7-29SPM0002DB4","49","",""
"30","972","74","7-29SPM0030","7-29SPM003012C","39.5","",""
"30","973","74","7-29SPM0030","7-29SPM003012C","40","",""
"30","974","74","7-29SPM0030","7-29SPM003012C","40.5","",""
"30","975","74","7-29SPM0030","7-29SPM003012C","41","",""
"30","976","74","7-29SPM0030","7-29SPM003012C","42","",""
"30","977","74","7-29SPM0030","7-29SPM003012C","42.5","",""
"30","978","74","7-29SPM0030","7-29SPM003012C","43","",""
"30","979","74","7-29SPM0030","7-29SPM003012C","44","",""
"30","980","74","7-29SPM0030","7-29SPM003012C","44.5","",""
"30","981","74","7-29SPM0030","7-29SPM003012C","45","",""
"30","982","74","7-29SPM0030","7-29SPM003012C","46","",""
"30","983","74","7-29SPM0030","7-29SPM003012C","47","",""
"30","984","74","7-29SPM0030","7-29SPM003012C","48","",""
"30","985","74","7-29SPM0030","7-29SPM003012C","49","",""
"29","942","72","7-27SPM1077","7-27SPM107702H","39.5","",""
"29","943","72","7-27SPM1077","7-27SPM107702H","40","",""
"29","944","72","7-27SPM1077","7-27SPM107702H","40.5","",""
"29","945","72","7-27SPM1077","7-27SPM107702H","41","",""
"29","946","72","7-27SPM1077","7-27SPM107702H","42","",""
"29","947","72","7-27SPM1077","7-27SPM107702H","42.5","",""
"29","948","72","7-27SPM1077","7-27SPM107702H","43","",""
"29","949","72","7-27SPM1077","7-27SPM107702H","44","",""
"29","950","72","7-27SPM1077","7-27SPM107702H","44.5","",""
"29","951","72","7-27SPM1077","7-27SPM107702H","45","",""
"29","952","72","7-27SPM1077","7-27SPM107702H","46","",""
"29","953","72","7-27SPM1077","7-27SPM107702H","47","",""
"29","954","72","7-27SPM1077","7-27SPM107702H","48","",""
"29","955","72","7-27SPM1077","7-27SPM107702H","49","",""
"29","957","73","7-27SPM1077","7-27SPM1077DB4","39.5","",""
"29","958","73","7-27SPM1077","7-27SPM1077DB4","40","",""
"29","959","73","7-27SPM1077","7-27SPM1077DB4","40.5","",""
"29","960","73","7-27SPM1077","7-27SPM1077DB4","41","",""
"29","961","73","7-27SPM1077","7-27SPM1077DB4","42","",""
"29","962","73","7-27SPM1077","7-27SPM1077DB4","42.5","",""
"29","963","73","7-27SPM1077","7-27SPM1077DB4","43","",""
"29","964","73","7-27SPM1077","7-27SPM1077DB4","44","",""
"29","965","73","7-27SPM1077","7-27SPM1077DB4","44.5","",""
"29","966","73","7-27SPM1077","7-27SPM1077DB4","45","",""
"29","967","73","7-27SPM1077","7-27SPM1077DB4","46","",""
"29","968","73","7-27SPM1077","7-27SPM1077DB4","47","",""
"29","969","73","7-27SPM1077","7-27SPM1077DB4","48","",""
"29","970","73","7-27SPM1077","7-27SPM1077DB4","49","",""
"28","898","68","7-29SPW1010","7-29SPW1010NN1","35.5","",""
"28","899","68","7-29SPW1010","7-29SPW1010NN1","36","",""
"28","900","68","7-29SPW1010","7-29SPW1010NN1","37","",""
"28","901","68","7-29SPW1010","7-29SPW1010NN1","37.5","",""
"28","902","68","7-29SPW1010","7-29SPW1010NN1","38","",""
"28","903","68","7-29SPW1010","7-29SPW1010NN1","39","",""
"28","904","68","7-29SPW1010","7-29SPW1010NN1","39.5","",""
"28","905","68","7-29SPW1010","7-29SPW1010NN1","40","",""
"28","906","68","7-29SPW1010","7-29SPW1010NN1","40.5","",""
"28","907","68","7-29SPW1010","7-29SPW1010NN1","41","",""
"28","908","68","7-29SPW1010","7-29SPW1010NN1","42","",""
"28","909","69","7-29SPW1010","7-29SPW101011C","35.5","",""
"28","910","69","7-29SPW1010","7-29SPW101011C","36","",""
"28","911","69","7-29SPW1010","7-29SPW101011C","37","",""
"28","912","69","7-29SPW1010","7-29SPW101011C","37.5","",""
"28","913","69","7-29SPW1010","7-29SPW101011C","38","",""
"28","914","69","7-29SPW1010","7-29SPW101011C","39","",""
"28","915","69","7-29SPW1010","7-29SPW101011C","39.5","",""
"28","916","69","7-29SPW1010","7-29SPW101011C","40","",""
"28","917","69","7-29SPW1010","7-29SPW101011C","40.5","",""
"28","918","69","7-29SPW1010","7-29SPW101011C","41","",""
"28","919","69","7-29SPW1010","7-29SPW101011C","42","",""
"28","920","70","7-29SPW1010","7-29SPW1010RR1","35.5","",""
"28","921","70","7-29SPW1010","7-29SPW1010RR1","36","",""
"28","922","70","7-29SPW1010","7-29SPW1010RR1","37","",""
"28","923","70","7-29SPW1010","7-29SPW1010RR1","37.5","",""
"28","924","70","7-29SPW1010","7-29SPW1010RR1","38","",""
"28","925","70","7-29SPW1010","7-29SPW1010RR1","39","",""
"28","926","70","7-29SPW1010","7-29SPW1010RR1","39.5","",""
"28","927","70","7-29SPW1010","7-29SPW1010RR1","40","",""
"28","928","70","7-29SPW1010","7-29SPW1010RR1","40.5","",""
"28","929","70","7-29SPW1010","7-29SPW1010RR1","41","",""
"28","930","70","7-29SPW1010","7-29SPW1010RR1","42","",""
"28","931","71","7-29SPW1010","7-29SPW1010PP2","35.5","",""
"28","932","71","7-29SPW1010","7-29SPW1010PP2","36","",""
"28","933","71","7-29SPW1010","7-29SPW1010PP2","37","",""
"28","934","71","7-29SPW1010","7-29SPW1010PP2","37.5","",""
"28","935","71","7-29SPW1010","7-29SPW1010PP2","38","",""
"28","936","71","7-29SPW1010","7-29SPW1010PP2","39","",""
"28","937","71","7-29SPW1010","7-29SPW1010PP2","39.5","",""
"28","938","71","7-29SPW1010","7-29SPW1010PP2","40","",""
"28","939","71","7-29SPW1010","7-29SPW1010PP2","40.5","",""
"28","940","71","7-29SPW1010","7-29SPW1010PP2","41","",""
"28","941","71","7-29SPW1010","7-29SPW1010PP2","42","",""
"27","853","65","7-29SPM2015","7-29SPM2015LB2","39.5","",""
"27","854","65","7-29SPM2015","7-29SPM2015LB2","40","",""
"27","855","65","7-29SPM2015","7-29SPM2015LB2","40.5","",""
"27","856","65","7-29SPM2015","7-29SPM2015LB2","41","",""
"27","857","65","7-29SPM2015","7-29SPM2015LB2","42","",""
"27","858","65","7-29SPM2015","7-29SPM2015LB2","42.5","",""
"27","859","65","7-29SPM2015","7-29SPM2015LB2","43","",""
"27","860","65","7-29SPM2015","7-29SPM2015LB2","44","",""
"27","861","65","7-29SPM2015","7-29SPM2015LB2","44.5","",""
"27","862","65","7-29SPM2015","7-29SPM2015LB2","45","",""
"27","863","65","7-29SPM2015","7-29SPM2015LB2","46","",""
"27","864","65","7-29SPM2015","7-29SPM2015LB2","47","",""
"27","865","65","7-29SPM2015","7-29SPM2015LB2","48","",""
"27","866","65","7-29SPM2015","7-29SPM2015LB2","49","",""
"27","868","66","7-29SPM2015","7-29SPM2015DR2","39.5","",""
"27","869","66","7-29SPM2015","7-29SPM2015DR2","40","",""
"27","870","66","7-29SPM2015","7-29SPM2015DR2","40.5","",""
"27","871","66","7-29SPM2015","7-29SPM2015DR2","41","",""
"27","872","66","7-29SPM2015","7-29SPM2015DR2","42","",""
"27","873","66","7-29SPM2015","7-29SPM2015DR2","42.5","",""
"27","874","66","7-29SPM2015","7-29SPM2015DR2","43","",""
"27","875","66","7-29SPM2015","7-29SPM2015DR2","44","",""
"27","876","66","7-29SPM2015","7-29SPM2015DR2","44.5","",""
"27","877","66","7-29SPM2015","7-29SPM2015DR2","45","",""
"27","878","66","7-29SPM2015","7-29SPM2015DR2","46","",""
"27","879","66","7-29SPM2015","7-29SPM2015DR2","47","",""
"27","880","66","7-29SPM2015","7-29SPM2015DR2","48","",""
"27","881","66","7-29SPM2015","7-29SPM2015DR2","49","",""
"27","883","67","7-29SPM2015","7-29SPM2015DB4","39.5","",""
"27","884","67","7-29SPM2015","7-29SPM2015DB4","40","",""
"27","885","67","7-29SPM2015","7-29SPM2015DB4","40.5","",""
"27","886","67","7-29SPM2015","7-29SPM2015DB4","41","",""
"27","887","67","7-29SPM2015","7-29SPM2015DB4","42","",""
"27","888","67","7-29SPM2015","7-29SPM2015DB4","42.5","",""
"27","889","67","7-29SPM2015","7-29SPM2015DB4","43","",""
"27","890","67","7-29SPM2015","7-29SPM2015DB4","44","",""
"27","891","67","7-29SPM2015","7-29SPM2015DB4","44.5","",""
"27","892","67","7-29SPM2015","7-29SPM2015DB4","45","",""
"27","893","67","7-29SPM2015","7-29SPM2015DB4","46","",""
"27","894","67","7-29SPM2015","7-29SPM2015DB4","47","",""
"27","895","67","7-29SPM2015","7-29SPM2015DB4","48","",""
"27","896","67","7-29SPM2015","7-29SPM2015DB4","49","",""
"26","838","64","7-29SPM0038","7-29SPM0038NN1","39.5","",""
"26","839","64","7-29SPM0038","7-29SPM0038NN1","40","",""
"26","840","64","7-29SPM0038","7-29SPM0038NN1","40.5","",""
"26","841","64","7-29SPM0038","7-29SPM0038NN1","41","",""
"26","842","64","7-29SPM0038","7-29SPM0038NN1","42","",""
"26","843","64","7-29SPM0038","7-29SPM0038NN1","42.5","",""
"26","844","64","7-29SPM0038","7-29SPM0038NN1","43","",""
"26","845","64","7-29SPM0038","7-29SPM0038NN1","44","",""
"26","846","64","7-29SPM0038","7-29SPM0038NN1","44.5","",""
"26","847","64","7-29SPM0038","7-29SPM0038NN1","45","",""
"26","848","64","7-29SPM0038","7-29SPM0038NN1","46","",""
"26","849","64","7-29SPM0038","7-29SPM0038NN1","47","",""
"26","850","64","7-29SPM0038","7-29SPM0038NN1","48","",""
"26","851","64","7-29SPM0038","7-29SPM0038NN1","49","",""
"26","174689","18820","7-29SPM0038","7-29SPM0038DR2","39.5","",""
"26","174690","18820","7-29SPM0038","7-29SPM0038DR2","40","",""
"26","174691","18820","7-29SPM0038","7-29SPM0038DR2","40.5","",""
"26","174692","18820","7-29SPM0038","7-29SPM0038DR2","41","",""
"26","174693","18820","7-29SPM0038","7-29SPM0038DR2","42","",""
"26","174694","18820","7-29SPM0038","7-29SPM0038DR2","42.5","",""
"26","174695","18820","7-29SPM0038","7-29SPM0038DR2","43","",""
"26","174696","18820","7-29SPM0038","7-29SPM0038DR2","44","",""
"26","174697","18820","7-29SPM0038","7-29SPM0038DR2","44.5","",""
"26","174698","18820","7-29SPM0038","7-29SPM0038DR2","45","",""
"26","174699","18820","7-29SPM0038","7-29SPM0038DR2","46","",""
"26","174700","18820","7-29SPM0038","7-29SPM0038DR2","47","",""
"26","174701","18820","7-29SPM0038","7-29SPM0038DR2","48","",""
"26","174702","18820","7-29SPM0038","7-29SPM0038DR2","49","",""
"25","827","63","7-29SPW1013","7-29SPW1013X96","35.5","",""
"25","828","63","7-29SPW1013","7-29SPW1013X96","36","",""
"25","829","63","7-29SPW1013","7-29SPW1013X96","37","",""
"25","830","63","7-29SPW1013","7-29SPW1013X96","37.5","",""
"25","831","63","7-29SPW1013","7-29SPW1013X96","38","",""
"25","832","63","7-29SPW1013","7-29SPW1013X96","39","",""
"25","833","63","7-29SPW1013","7-29SPW1013X96","39.5","",""
"25","834","63","7-29SPW1013","7-29SPW1013X96","40","",""
"25","835","63","7-29SPW1013","7-29SPW1013X96","40.5","",""
"25","836","63","7-29SPW1013","7-29SPW1013X96","41","",""
"25","837","63","7-29SPW1013","7-29SPW1013X96","42","",""
"24","816","62","7-29SPW1017","7-29SPW1017PT2","35.5","",""
"24","817","62","7-29SPW1017","7-29SPW1017PT2","36","",""
"24","818","62","7-29SPW1017","7-29SPW1017PT2","37","",""
"24","819","62","7-29SPW1017","7-29SPW1017PT2","37.5","",""
"24","820","62","7-29SPW1017","7-29SPW1017PT2","38","",""
"24","821","62","7-29SPW1017","7-29SPW1017PT2","39","",""
"24","822","62","7-29SPW1017","7-29SPW1017PT2","39.5","",""
"24","823","62","7-29SPW1017","7-29SPW1017PT2","40","",""
"24","824","62","7-29SPW1017","7-29SPW1017PT2","40.5","",""
"24","825","62","7-29SPW1017","7-29SPW1017PT2","41","",""
"24","826","62","7-29SPW1017","7-29SPW1017PT2","42","",""
"23","801","61","7-29SPM0036","7-29SPM003602H","39.5","",""
"23","802","61","7-29SPM0036","7-29SPM003602H","40","",""
"23","803","61","7-29SPM0036","7-29SPM003602H","40.5","",""
"23","804","61","7-29SPM0036","7-29SPM003602H","41","",""
"23","805","61","7-29SPM0036","7-29SPM003602H","42","",""
"23","806","61","7-29SPM0036","7-29SPM003602H","42.5","",""
"23","807","61","7-29SPM0036","7-29SPM003602H","43","",""
"23","808","61","7-29SPM0036","7-29SPM003602H","44","",""
"23","809","61","7-29SPM0036","7-29SPM003602H","44.5","",""
"23","810","61","7-29SPM0036","7-29SPM003602H","45","",""
"23","811","61","7-29SPM0036","7-29SPM003602H","46","",""
"23","812","61","7-29SPM0036","7-29SPM003602H","47","",""
"23","813","61","7-29SPM0036","7-29SPM003602H","48","",""
"23","814","61","7-29SPM0036","7-29SPM003602H","49","",""
"23","144524","15925","7-29SPM0036","7-29SPM0036X96","39.5","",""
"23","144525","15925","7-29SPM0036","7-29SPM0036X96","40","",""
"23","144526","15925","7-29SPM0036","7-29SPM0036X96","40.5","",""
"23","144527","15925","7-29SPM0036","7-29SPM0036X96","41","",""
"23","144528","15925","7-29SPM0036","7-29SPM0036X96","42","",""
"23","144529","15925","7-29SPM0036","7-29SPM0036X96","42.5","",""
"23","144530","15925","7-29SPM0036","7-29SPM0036X96","43","",""
"23","144531","15925","7-29SPM0036","7-29SPM0036X96","44","",""
"23","144532","15925","7-29SPM0036","7-29SPM0036X96","44.5","",""
"23","144533","15925","7-29SPM0036","7-29SPM0036X96","45","",""
"23","144534","15925","7-29SPM0036","7-29SPM0036X96","46","",""
"23","144535","15925","7-29SPM0036","7-29SPM0036X96","47","",""
"23","144536","15925","7-29SPM0036","7-29SPM0036X96","48","",""
"23","144537","15925","7-29SPM0036","7-29SPM0036X96","49","",""
"22","786","60","7-28SPM0103","7-28SPM010321G","39.5","",""
"22","787","60","7-28SPM0103","7-28SPM010321G","40","",""
"22","788","60","7-28SPM0103","7-28SPM010321G","40.5","",""
"22","789","60","7-28SPM0103","7-28SPM010321G","41","",""
"22","790","60","7-28SPM0103","7-28SPM010321G","42","",""
"22","791","60","7-28SPM0103","7-28SPM010321G","42.5","",""
"22","792","60","7-28SPM0103","7-28SPM010321G","43","",""
"22","793","60","7-28SPM0103","7-28SPM010321G","44","",""
"22","794","60","7-28SPM0103","7-28SPM010321G","44.5","",""
"22","795","60","7-28SPM0103","7-28SPM010321G","45","",""
"22","796","60","7-28SPM0103","7-28SPM010321G","46","",""
"22","797","60","7-28SPM0103","7-28SPM010321G","47","",""
"22","798","60","7-28SPM0103","7-28SPM010321G","48","",""
"22","799","60","7-28SPM0103","7-28SPM010321G","49","",""
"22","168529","18404","7-28SPM0103","7-28SPM0103DB4","39.5","",""
"22","168530","18404","7-28SPM0103","7-28SPM0103DB4","40","",""
"22","168531","18404","7-28SPM0103","7-28SPM0103DB4","40.5","",""
"22","168532","18404","7-28SPM0103","7-28SPM0103DB4","41","",""
"22","168533","18404","7-28SPM0103","7-28SPM0103DB4","42","",""
"22","168534","18404","7-28SPM0103","7-28SPM0103DB4","42.5","",""
"22","168535","18404","7-28SPM0103","7-28SPM0103DB4","43","",""
"22","168536","18404","7-28SPM0103","7-28SPM0103DB4","44","",""
"22","168537","18404","7-28SPM0103","7-28SPM0103DB4","44.5","",""
"22","168538","18404","7-28SPM0103","7-28SPM0103DB4","45","",""
"22","168539","18404","7-28SPM0103","7-28SPM0103DB4","46","",""
"22","168540","18404","7-28SPM0103","7-28SPM0103DB4","47","",""
"22","168541","18404","7-28SPM0103","7-28SPM0103DB4","48","",""
"22","168542","18404","7-28SPM0103","7-28SPM0103DB4","49","",""
"21","741","57","7-27SPM1035","7-27SPM1035X96","39.5","",""
"21","742","57","7-27SPM1035","7-27SPM1035X96","40","",""
"21","743","57","7-27SPM1035","7-27SPM1035X96","40.5","",""
"21","744","57","7-27SPM1035","7-27SPM1035X96","41","",""
"21","745","57","7-27SPM1035","7-27SPM1035X96","42","",""
"21","746","57","7-27SPM1035","7-27SPM1035X96","42.5","",""
"21","747","57","7-27SPM1035","7-27SPM1035X96","43","",""
"21","748","57","7-27SPM1035","7-27SPM1035X96","44","",""
"21","749","57","7-27SPM1035","7-27SPM1035X96","44.5","",""
"21","750","57","7-27SPM1035","7-27SPM1035X96","45","",""
"21","751","57","7-27SPM1035","7-27SPM1035X96","46","",""
"21","752","57","7-27SPM1035","7-27SPM1035X96","47","",""
"21","753","57","7-27SPM1035","7-27SPM1035X96","48","",""
"21","754","57","7-27SPM1035","7-27SPM1035X96","49","",""
"21","756","58","7-27SPM1035","7-27SPM1035286","39.5","",""
"21","757","58","7-27SPM1035","7-27SPM1035286","40","",""
"21","758","58","7-27SPM1035","7-27SPM1035286","40.5","",""
"21","759","58","7-27SPM1035","7-27SPM1035286","41","",""
"21","760","58","7-27SPM1035","7-27SPM1035286","42","",""
"21","761","58","7-27SPM1035","7-27SPM1035286","42.5","",""
"21","762","58","7-27SPM1035","7-27SPM1035286","43","",""
"21","763","58","7-27SPM1035","7-27SPM1035286","44","",""
"21","764","58","7-27SPM1035","7-27SPM1035286","44.5","",""
"21","765","58","7-27SPM1035","7-27SPM1035286","45","",""
"21","766","58","7-27SPM1035","7-27SPM1035286","46","",""
"21","767","58","7-27SPM1035","7-27SPM1035286","47","",""
"21","768","58","7-27SPM1035","7-27SPM1035286","48","",""
"21","769","58","7-27SPM1035","7-27SPM1035286","49","",""
"21","771","59","7-27SPM1035","7-27SPM1035SW4","39.5","",""
"21","772","59","7-27SPM1035","7-27SPM1035SW4","40","",""
"21","773","59","7-27SPM1035","7-27SPM1035SW4","40.5","",""
"21","774","59","7-27SPM1035","7-27SPM1035SW4","41","",""
"21","775","59","7-27SPM1035","7-27SPM1035SW4","42","",""
"21","776","59","7-27SPM1035","7-27SPM1035SW4","42.5","",""
"21","777","59","7-27SPM1035","7-27SPM1035SW4","43","",""
"21","778","59","7-27SPM1035","7-27SPM1035SW4","44","",""
"21","779","59","7-27SPM1035","7-27SPM1035SW4","44.5","",""
"21","780","59","7-27SPM1035","7-27SPM1035SW4","45","",""
"21","781","59","7-27SPM1035","7-27SPM1035SW4","46","",""
"21","782","59","7-27SPM1035","7-27SPM1035SW4","47","",""
"21","783","59","7-27SPM1035","7-27SPM1035SW4","48","",""
"21","784","59","7-27SPM1035","7-27SPM1035SW4","49","",""
"20","696","54","7-27SPM3044","7-27SPM3044338","39.5","",""
"20","697","54","7-27SPM3044","7-27SPM3044338","40","",""
"20","698","54","7-27SPM3044","7-27SPM3044338","40.5","",""
"20","699","54","7-27SPM3044","7-27SPM3044338","41","",""
"20","700","54","7-27SPM3044","7-27SPM3044338","42","",""
"20","701","54","7-27SPM3044","7-27SPM3044338","42.5","",""
"20","702","54","7-27SPM3044","7-27SPM3044338","43","",""
"20","703","54","7-27SPM3044","7-27SPM3044338","44","",""
"20","704","54","7-27SPM3044","7-27SPM3044338","44.5","",""
"20","705","54","7-27SPM3044","7-27SPM3044338","45","",""
"20","706","54","7-27SPM3044","7-27SPM3044338","46","",""
"20","707","54","7-27SPM3044","7-27SPM3044338","47","",""
"20","708","54","7-27SPM3044","7-27SPM3044338","48","",""
"20","709","54","7-27SPM3044","7-27SPM3044338","49","",""
"20","711","55","7-27SPM3044","7-27SPM3044LB2","39.5","",""
"20","712","55","7-27SPM3044","7-27SPM3044LB2","40","",""
"20","713","55","7-27SPM3044","7-27SPM3044LB2","40.5","",""
"20","714","55","7-27SPM3044","7-27SPM3044LB2","41","",""
"20","715","55","7-27SPM3044","7-27SPM3044LB2","42","",""
"20","716","55","7-27SPM3044","7-27SPM3044LB2","42.5","",""
"20","717","55","7-27SPM3044","7-27SPM3044LB2","43","",""
"20","718","55","7-27SPM3044","7-27SPM3044LB2","44","",""
"20","719","55","7-27SPM3044","7-27SPM3044LB2","44.5","",""
"20","720","55","7-27SPM3044","7-27SPM3044LB2","45","",""
"20","721","55","7-27SPM3044","7-27SPM3044LB2","46","",""
"20","722","55","7-27SPM3044","7-27SPM3044LB2","47","",""
"20","723","55","7-27SPM3044","7-27SPM3044LB2","48","",""
"20","724","55","7-27SPM3044","7-27SPM3044LB2","49","",""
"20","726","56","7-27SPM3044","7-27SPM3044LQ2","39.5","",""
"20","727","56","7-27SPM3044","7-27SPM3044LQ2","40","",""
"20","728","56","7-27SPM3044","7-27SPM3044LQ2","40.5","",""
"20","729","56","7-27SPM3044","7-27SPM3044LQ2","41","",""
"20","730","56","7-27SPM3044","7-27SPM3044LQ2","42","",""
"20","731","56","7-27SPM3044","7-27SPM3044LQ2","42.5","",""
"20","732","56","7-27SPM3044","7-27SPM3044LQ2","43","",""
"20","733","56","7-27SPM3044","7-27SPM3044LQ2","44","",""
"20","734","56","7-27SPM3044","7-27SPM3044LQ2","44.5","",""
"20","735","56","7-27SPM3044","7-27SPM3044LQ2","45","",""
"20","736","56","7-27SPM3044","7-27SPM3044LQ2","46","",""
"20","737","56","7-27SPM3044","7-27SPM3044LQ2","47","",""
"20","738","56","7-27SPM3044","7-27SPM3044LQ2","48","",""
"20","739","56","7-27SPM3044","7-27SPM3044LQ2","49","",""
"19","681","53","7-28SPM0237","7-28SPM02376K3","39.5","",""
"19","682","53","7-28SPM0237","7-28SPM02376K3","40","",""
"19","683","53","7-28SPM0237","7-28SPM02376K3","40.5","",""
"19","684","53","7-28SPM0237","7-28SPM02376K3","41","",""
"19","685","53","7-28SPM0237","7-28SPM02376K3","42","",""
"19","686","53","7-28SPM0237","7-28SPM02376K3","42.5","",""
"19","687","53","7-28SPM0237","7-28SPM02376K3","43","",""
"19","688","53","7-28SPM0237","7-28SPM02376K3","44","",""
"19","689","53","7-28SPM0237","7-28SPM02376K3","44.5","",""
"19","690","53","7-28SPM0237","7-28SPM02376K3","45","",""
"19","691","53","7-28SPM0237","7-28SPM02376K3","46","",""
"19","692","53","7-28SPM0237","7-28SPM02376K3","47","",""
"19","693","53","7-28SPM0237","7-28SPM02376K3","48","",""
"19","694","53","7-28SPM0237","7-28SPM02376K3","49","",""
"19","695","53","7-28SPM0237","7-28SPM02376K3","50","",""
"18","621","49","7-27SPM1082","7-27SPM1082DB4","39.5","",""
"18","622","49","7-27SPM1082","7-27SPM1082DB4","40","",""
"18","623","49","7-27SPM1082","7-27SPM1082DB4","40.5","",""
"18","624","49","7-27SPM1082","7-27SPM1082DB4","41","",""
"18","625","49","7-27SPM1082","7-27SPM1082DB4","42","",""
"18","626","49","7-27SPM1082","7-27SPM1082DB4","42.5","",""
"18","627","49","7-27SPM1082","7-27SPM1082DB4","43","",""
"18","628","49","7-27SPM1082","7-27SPM1082DB4","44","",""
"18","629","49","7-27SPM1082","7-27SPM1082DB4","44.5","",""
"18","630","49","7-27SPM1082","7-27SPM1082DB4","45","",""
"18","631","49","7-27SPM1082","7-27SPM1082DB4","46","",""
"18","632","49","7-27SPM1082","7-27SPM1082DB4","47","",""
"18","633","49","7-27SPM1082","7-27SPM1082DB4","48","",""
"18","634","49","7-27SPM1082","7-27SPM1082DB4","49","",""
"18","636","50","7-27SPM1082","7-27SPM108202H","39.5","",""
"18","637","50","7-27SPM1082","7-27SPM108202H","40","",""
"18","638","50","7-27SPM1082","7-27SPM108202H","40.5","",""
"18","639","50","7-27SPM1082","7-27SPM108202H","41","",""
"18","640","50","7-27SPM1082","7-27SPM108202H","42","",""
"18","641","50","7-27SPM1082","7-27SPM108202H","42.5","",""
"18","642","50","7-27SPM1082","7-27SPM108202H","43","",""
"18","643","50","7-27SPM1082","7-27SPM108202H","44","",""
"18","644","50","7-27SPM1082","7-27SPM108202H","44.5","",""
"18","645","50","7-27SPM1082","7-27SPM108202H","45","",""
"18","646","50","7-27SPM1082","7-27SPM108202H","46","",""
"18","647","50","7-27SPM1082","7-27SPM108202H","47","",""
"18","648","50","7-27SPM1082","7-27SPM108202H","48","",""
"18","649","50","7-27SPM1082","7-27SPM108202H","49","",""
"18","651","51","7-27SPM1082","7-27SPM1082DR2","39.5","",""
"18","652","51","7-27SPM1082","7-27SPM1082DR2","40","",""
"18","653","51","7-27SPM1082","7-27SPM1082DR2","40.5","",""
"18","654","51","7-27SPM1082","7-27SPM1082DR2","41","",""
"18","655","51","7-27SPM1082","7-27SPM1082DR2","42","",""
"18","656","51","7-27SPM1082","7-27SPM1082DR2","42.5","",""
"18","657","51","7-27SPM1082","7-27SPM1082DR2","43","",""
"18","658","51","7-27SPM1082","7-27SPM1082DR2","44","",""
"18","659","51","7-27SPM1082","7-27SPM1082DR2","44.5","",""
"18","660","51","7-27SPM1082","7-27SPM1082DR2","45","",""
"18","661","51","7-27SPM1082","7-27SPM1082DR2","46","",""
"18","662","51","7-27SPM1082","7-27SPM1082DR2","47","",""
"18","663","51","7-27SPM1082","7-27SPM1082DR2","48","",""
"18","664","51","7-27SPM1082","7-27SPM1082DR2","49","",""
"18","666","52","7-27SPM1082","7-27SPM108212C","39.5","",""
"18","667","52","7-27SPM1082","7-27SPM108212C","40","",""
"18","668","52","7-27SPM1082","7-27SPM108212C","40.5","",""
"18","669","52","7-27SPM1082","7-27SPM108212C","41","",""
"18","670","52","7-27SPM1082","7-27SPM108212C","42","",""
"18","671","52","7-27SPM1082","7-27SPM108212C","42.5","",""
"18","672","52","7-27SPM1082","7-27SPM108212C","43","",""
"18","673","52","7-27SPM1082","7-27SPM108212C","44","",""
"18","674","52","7-27SPM1082","7-27SPM108212C","44.5","",""
"18","675","52","7-27SPM1082","7-27SPM108212C","45","",""
"18","676","52","7-27SPM1082","7-27SPM108212C","46","",""
"18","677","52","7-27SPM1082","7-27SPM108212C","47","",""
"18","678","52","7-27SPM1082","7-27SPM108212C","48","",""
"18","679","52","7-27SPM1082","7-27SPM108212C","49","",""
"17","606","48","7-28SPM0224","7-28SPM022411C","39.5","",""
"17","607","48","7-28SPM0224","7-28SPM022411C","40","",""
"17","608","48","7-28SPM0224","7-28SPM022411C","40.5","",""
"17","609","48","7-28SPM0224","7-28SPM022411C","41","",""
"17","610","48","7-28SPM0224","7-28SPM022411C","42","",""
"17","611","48","7-28SPM0224","7-28SPM022411C","42.5","",""
"17","612","48","7-28SPM0224","7-28SPM022411C","43","",""
"17","613","48","7-28SPM0224","7-28SPM022411C","44","",""
"17","614","48","7-28SPM0224","7-28SPM022411C","44.5","",""
"17","615","48","7-28SPM0224","7-28SPM022411C","45","",""
"17","616","48","7-28SPM0224","7-28SPM022411C","46","",""
"17","617","48","7-28SPM0224","7-28SPM022411C","47","",""
"17","618","48","7-28SPM0224","7-28SPM022411C","48","",""
"17","619","48","7-28SPM0224","7-28SPM022411C","49","",""
"17","620","48","7-28SPM0224","7-28SPM022411C","50","",""
"16","576","46","7-27SPM1046","7-27SPM1046Y80","39.5","",""
"16","577","46","7-27SPM1046","7-27SPM1046Y80","40","",""
"16","578","46","7-27SPM1046","7-27SPM1046Y80","40.5","",""
"16","579","46","7-27SPM1046","7-27SPM1046Y80","41","",""
"16","580","46","7-27SPM1046","7-27SPM1046Y80","42","",""
"16","581","46","7-27SPM1046","7-27SPM1046Y80","42.5","",""
"16","582","46","7-27SPM1046","7-27SPM1046Y80","43","",""
"16","583","46","7-27SPM1046","7-27SPM1046Y80","44","",""
"16","584","46","7-27SPM1046","7-27SPM1046Y80","44.5","",""
"16","585","46","7-27SPM1046","7-27SPM1046Y80","45","",""
"16","586","46","7-27SPM1046","7-27SPM1046Y80","46","",""
"16","587","46","7-27SPM1046","7-27SPM1046Y80","47","",""
"16","588","46","7-27SPM1046","7-27SPM1046Y80","48","",""
"16","589","46","7-27SPM1046","7-27SPM1046Y80","49","",""
"16","590","46","7-27SPM1046","7-27SPM1046Y80","50","",""
"16","591","47","7-27SPM1046","7-27SPM1046121","39.5","",""
"16","592","47","7-27SPM1046","7-27SPM1046121","40","",""
"16","593","47","7-27SPM1046","7-27SPM1046121","40.5","",""
"16","594","47","7-27SPM1046","7-27SPM1046121","41","",""
"16","595","47","7-27SPM1046","7-27SPM1046121","42","",""
"16","596","47","7-27SPM1046","7-27SPM1046121","42.5","",""
"16","597","47","7-27SPM1046","7-27SPM1046121","43","",""
"16","598","47","7-27SPM1046","7-27SPM1046121","44","",""
"16","599","47","7-27SPM1046","7-27SPM1046121","44.5","",""
"16","600","47","7-27SPM1046","7-27SPM1046121","45","",""
"16","601","47","7-27SPM1046","7-27SPM1046121","46","",""
"16","602","47","7-27SPM1046","7-27SPM1046121","47","",""
"16","603","47","7-27SPM1046","7-27SPM1046121","48","",""
"16","604","47","7-27SPM1046","7-27SPM1046121","49","",""
"16","605","47","7-27SPM1046","7-27SPM1046121","50","",""
"15","546","44","7-27SPM3003","7-27SPM300311C","39.5","",""
"15","547","44","7-27SPM3003","7-27SPM300311C","40","",""
"15","548","44","7-27SPM3003","7-27SPM300311C","40.5","",""
"15","549","44","7-27SPM3003","7-27SPM300311C","41","",""
"15","550","44","7-27SPM3003","7-27SPM300311C","42","",""
"15","551","44","7-27SPM3003","7-27SPM300311C","42.5","",""
"15","552","44","7-27SPM3003","7-27SPM300311C","43","",""
"15","553","44","7-27SPM3003","7-27SPM300311C","44","",""
"15","554","44","7-27SPM3003","7-27SPM300311C","44.5","",""
"15","555","44","7-27SPM3003","7-27SPM300311C","45","",""
"15","556","44","7-27SPM3003","7-27SPM300311C","46","",""
"15","557","44","7-27SPM3003","7-27SPM300311C","47","",""
"15","558","44","7-27SPM3003","7-27SPM300311C","48","",""
"15","559","44","7-27SPM3003","7-27SPM300311C","49","",""
"15","560","44","7-27SPM3003","7-27SPM300311C","50","",""
"15","561","45","7-27SPM3003","7-27SPM3003DB4","39.5","",""
"15","562","45","7-27SPM3003","7-27SPM3003DB4","40","",""
"15","563","45","7-27SPM3003","7-27SPM3003DB4","40.5","",""
"15","564","45","7-27SPM3003","7-27SPM3003DB4","41","",""
"15","565","45","7-27SPM3003","7-27SPM3003DB4","42","",""
"15","566","45","7-27SPM3003","7-27SPM3003DB4","42.5","",""
"15","567","45","7-27SPM3003","7-27SPM3003DB4","43","",""
"15","568","45","7-27SPM3003","7-27SPM3003DB4","44","",""
"15","569","45","7-27SPM3003","7-27SPM3003DB4","44.5","",""
"15","570","45","7-27SPM3003","7-27SPM3003DB4","45","",""
"15","571","45","7-27SPM3003","7-27SPM3003DB4","46","",""
"15","572","45","7-27SPM3003","7-27SPM3003DB4","47","",""
"15","573","45","7-27SPM3003","7-27SPM3003DB4","48","",""
"15","574","45","7-27SPM3003","7-27SPM3003DB4","49","",""
"15","575","45","7-27SPM3003","7-27SPM3003DB4","50","",""
"14","501","41","7-25SPM4018","7-25SPM4018DB4","39.5","",""
"14","502","41","7-25SPM4018","7-25SPM4018DB4","40","",""
"14","503","41","7-25SPM4018","7-25SPM4018DB4","40.5","",""
"14","504","41","7-25SPM4018","7-25SPM4018DB4","41","",""
"14","505","41","7-25SPM4018","7-25SPM4018DB4","42","",""
"14","506","41","7-25SPM4018","7-25SPM4018DB4","42.5","",""
"14","507","41","7-25SPM4018","7-25SPM4018DB4","43","",""
"14","508","41","7-25SPM4018","7-25SPM4018DB4","44","",""
"14","509","41","7-25SPM4018","7-25SPM4018DB4","44.5","",""
"14","510","41","7-25SPM4018","7-25SPM4018DB4","45","",""
"14","511","41","7-25SPM4018","7-25SPM4018DB4","46","",""
"14","512","41","7-25SPM4018","7-25SPM4018DB4","47","",""
"14","513","41","7-25SPM4018","7-25SPM4018DB4","48","",""
"14","514","41","7-25SPM4018","7-25SPM4018DB4","49","",""
"14","515","41","7-25SPM4018","7-25SPM4018DB4","50","",""
"14","516","42","7-25SPM4018","7-25SPM401802H","39.5","",""
"14","517","42","7-25SPM4018","7-25SPM401802H","40","",""
"14","518","42","7-25SPM4018","7-25SPM401802H","40.5","",""
"14","519","42","7-25SPM4018","7-25SPM401802H","41","",""
"14","520","42","7-25SPM4018","7-25SPM401802H","42","",""
"14","521","42","7-25SPM4018","7-25SPM401802H","42.5","",""
"14","522","42","7-25SPM4018","7-25SPM401802H","43","",""
"14","523","42","7-25SPM4018","7-25SPM401802H","44","",""
"14","524","42","7-25SPM4018","7-25SPM401802H","44.5","",""
"14","525","42","7-25SPM4018","7-25SPM401802H","45","",""
"14","526","42","7-25SPM4018","7-25SPM401802H","46","",""
"14","527","42","7-25SPM4018","7-25SPM401802H","47","",""
"14","528","42","7-25SPM4018","7-25SPM401802H","48","",""
"14","529","42","7-25SPM4018","7-25SPM401802H","49","",""
"14","530","42","7-25SPM4018","7-25SPM401802H","50","",""
"14","531","43","7-25SPM4018","7-25SPM401812C","39.5","",""
"14","532","43","7-25SPM4018","7-25SPM401812C","40","",""
"14","533","43","7-25SPM4018","7-25SPM401812C","40.5","",""
"14","534","43","7-25SPM4018","7-25SPM401812C","41","",""
"14","535","43","7-25SPM4018","7-25SPM401812C","42","",""
"14","536","43","7-25SPM4018","7-25SPM401812C","42.5","",""
"14","537","43","7-25SPM4018","7-25SPM401812C","43","",""
"14","538","43","7-25SPM4018","7-25SPM401812C","44","",""
"14","539","43","7-25SPM4018","7-25SPM401812C","44.5","",""
"14","540","43","7-25SPM4018","7-25SPM401812C","45","",""
"14","541","43","7-25SPM4018","7-25SPM401812C","46","",""
"14","542","43","7-25SPM4018","7-25SPM401812C","47","",""
"14","543","43","7-25SPM4018","7-25SPM401812C","48","",""
"14","544","43","7-25SPM4018","7-25SPM401812C","49","",""
"14","545","43","7-25SPM4018","7-25SPM401812C","50","",""
"13","471","39","7-27SPM3015","7-27SPM3015147","39.5","",""
"13","472","39","7-27SPM3015","7-27SPM3015147","40","",""
"13","473","39","7-27SPM3015","7-27SPM3015147","40.5","",""
"13","474","39","7-27SPM3015","7-27SPM3015147","41","",""
"13","475","39","7-27SPM3015","7-27SPM3015147","42","",""
"13","476","39","7-27SPM3015","7-27SPM3015147","42.5","",""
"13","477","39","7-27SPM3015","7-27SPM3015147","43","",""
"13","478","39","7-27SPM3015","7-27SPM3015147","44","",""
"13","479","39","7-27SPM3015","7-27SPM3015147","44.5","",""
"13","480","39","7-27SPM3015","7-27SPM3015147","45","",""
"13","481","39","7-27SPM3015","7-27SPM3015147","46","",""
"13","482","39","7-27SPM3015","7-27SPM3015147","47","",""
"13","483","39","7-27SPM3015","7-27SPM3015147","48","",""
"13","484","39","7-27SPM3015","7-27SPM3015147","49","",""
"13","485","39","7-27SPM3015","7-27SPM3015147","50","",""
"13","486","40","7-27SPM3015","7-27SPM3015121","39.5","",""
"13","487","40","7-27SPM3015","7-27SPM3015121","40","",""
"13","488","40","7-27SPM3015","7-27SPM3015121","40.5","",""
"13","489","40","7-27SPM3015","7-27SPM3015121","41","",""
"13","490","40","7-27SPM3015","7-27SPM3015121","42","",""
"13","491","40","7-27SPM3015","7-27SPM3015121","42.5","",""
"13","492","40","7-27SPM3015","7-27SPM3015121","43","",""
"13","493","40","7-27SPM3015","7-27SPM3015121","44","",""
"13","494","40","7-27SPM3015","7-27SPM3015121","44.5","",""
"13","495","40","7-27SPM3015","7-27SPM3015121","45","",""
"13","496","40","7-27SPM3015","7-27SPM3015121","46","",""
"13","497","40","7-27SPM3015","7-27SPM3015121","47","",""
"13","498","40","7-27SPM3015","7-27SPM3015121","48","",""
"13","499","40","7-27SPM3015","7-27SPM3015121","49","",""
"13","500","40","7-27SPM3015","7-27SPM3015121","50","",""
"12","426","36","7-27SPM1017","7-27SPM101712C","39.5","",""
"12","427","36","7-27SPM1017","7-27SPM101712C","40","",""
"12","428","36","7-27SPM1017","7-27SPM101712C","40.5","",""
"12","429","36","7-27SPM1017","7-27SPM101712C","41","",""
"12","430","36","7-27SPM1017","7-27SPM101712C","42","",""
"12","431","36","7-27SPM1017","7-27SPM101712C","42.5","",""
"12","432","36","7-27SPM1017","7-27SPM101712C","43","",""
"12","433","36","7-27SPM1017","7-27SPM101712C","44","",""
"12","434","36","7-27SPM1017","7-27SPM101712C","44.5","",""
"12","435","36","7-27SPM1017","7-27SPM101712C","45","",""
"12","436","36","7-27SPM1017","7-27SPM101712C","46","",""
"12","437","36","7-27SPM1017","7-27SPM101712C","47","",""
"12","438","36","7-27SPM1017","7-27SPM101712C","48","",""
"12","439","36","7-27SPM1017","7-27SPM101712C","49","",""
"12","440","36","7-27SPM1017","7-27SPM101712C","50","",""
"12","441","37","7-27SPM1017","7-27SPM1017DB4","39.5","",""
"12","442","37","7-27SPM1017","7-27SPM1017DB4","40","",""
"12","443","37","7-27SPM1017","7-27SPM1017DB4","40.5","",""
"12","444","37","7-27SPM1017","7-27SPM1017DB4","41","",""
"12","445","37","7-27SPM1017","7-27SPM1017DB4","42","",""
"12","446","37","7-27SPM1017","7-27SPM1017DB4","42.5","",""
"12","447","37","7-27SPM1017","7-27SPM1017DB4","43","",""
"12","448","37","7-27SPM1017","7-27SPM1017DB4","44","",""
"12","449","37","7-27SPM1017","7-27SPM1017DB4","44.5","",""
"12","450","37","7-27SPM1017","7-27SPM1017DB4","45","",""
"12","451","37","7-27SPM1017","7-27SPM1017DB4","46","",""
"12","452","37","7-27SPM1017","7-27SPM1017DB4","47","",""
"12","453","37","7-27SPM1017","7-27SPM1017DB4","48","",""
"12","454","37","7-27SPM1017","7-27SPM1017DB4","49","",""
"12","455","37","7-27SPM1017","7-27SPM1017DB4","50","",""
"12","456","38","7-27SPM1017","7-27SPM1017DR2","39.5","",""
"12","457","38","7-27SPM1017","7-27SPM1017DR2","40","",""
"12","458","38","7-27SPM1017","7-27SPM1017DR2","40.5","",""
"12","459","38","7-27SPM1017","7-27SPM1017DR2","41","",""
"12","460","38","7-27SPM1017","7-27SPM1017DR2","42","",""
"12","461","38","7-27SPM1017","7-27SPM1017DR2","42.5","",""
"12","462","38","7-27SPM1017","7-27SPM1017DR2","43","",""
"12","463","38","7-27SPM1017","7-27SPM1017DR2","44","",""
"12","464","38","7-27SPM1017","7-27SPM1017DR2","44.5","",""
"12","465","38","7-27SPM1017","7-27SPM1017DR2","45","",""
"12","466","38","7-27SPM1017","7-27SPM1017DR2","46","",""
"12","467","38","7-27SPM1017","7-27SPM1017DR2","47","",""
"12","468","38","7-27SPM1017","7-27SPM1017DR2","48","",""
"12","469","38","7-27SPM1017","7-27SPM1017DR2","49","",""
"12","470","38","7-27SPM1017","7-27SPM1017DR2","50","",""
"11","366","32","7-20SRM3415","7-20SRM3415024","39.5","",""
"11","367","32","7-20SRM3415","7-20SRM3415024","40","",""
"11","368","32","7-20SRM3415","7-20SRM3415024","40.5","",""
"11","369","32","7-20SRM3415","7-20SRM3415024","41","",""
"11","370","32","7-20SRM3415","7-20SRM3415024","42","",""
"11","371","32","7-20SRM3415","7-20SRM3415024","42.5","",""
"11","372","32","7-20SRM3415","7-20SRM3415024","43","",""
"11","373","32","7-20SRM3415","7-20SRM3415024","44","",""
"11","374","32","7-20SRM3415","7-20SRM3415024","44.5","",""
"11","375","32","7-20SRM3415","7-20SRM3415024","45","",""
"11","376","32","7-20SRM3415","7-20SRM3415024","46","",""
"11","377","32","7-20SRM3415","7-20SRM3415024","47","",""
"11","378","32","7-20SRM3415","7-20SRM3415024","48","",""
"11","379","32","7-20SRM3415","7-20SRM3415024","49","",""
"11","381","33","7-20SRM3415","7-20SRM3415003","39.5","",""
"11","382","33","7-20SRM3415","7-20SRM3415003","40","",""
"11","383","33","7-20SRM3415","7-20SRM3415003","40.5","",""
"11","384","33","7-20SRM3415","7-20SRM3415003","41","",""
"11","385","33","7-20SRM3415","7-20SRM3415003","42","",""
"11","386","33","7-20SRM3415","7-20SRM3415003","42.5","",""
"11","387","33","7-20SRM3415","7-20SRM3415003","43","",""
"11","388","33","7-20SRM3415","7-20SRM3415003","44","",""
"11","389","33","7-20SRM3415","7-20SRM3415003","44.5","",""
"11","390","33","7-20SRM3415","7-20SRM3415003","45","",""
"11","391","33","7-20SRM3415","7-20SRM3415003","46","",""
"11","392","33","7-20SRM3415","7-20SRM3415003","47","",""
"11","393","33","7-20SRM3415","7-20SRM3415003","48","",""
"11","394","33","7-20SRM3415","7-20SRM3415003","49","",""
"11","396","34","7-20SRM3415","7-20SRM3415001","39.5","",""
"11","397","34","7-20SRM3415","7-20SRM3415001","40","",""
"11","398","34","7-20SRM3415","7-20SRM3415001","40.5","",""
"11","399","34","7-20SRM3415","7-20SRM3415001","41","",""
"11","400","34","7-20SRM3415","7-20SRM3415001","42","",""
"11","401","34","7-20SRM3415","7-20SRM3415001","42.5","",""
"11","402","34","7-20SRM3415","7-20SRM3415001","43","",""
"11","403","34","7-20SRM3415","7-20SRM3415001","44","",""
"11","404","34","7-20SRM3415","7-20SRM3415001","44.5","",""
"11","405","34","7-20SRM3415","7-20SRM3415001","45","",""
"11","406","34","7-20SRM3415","7-20SRM3415001","46","",""
"11","407","34","7-20SRM3415","7-20SRM3415001","47","",""
"11","408","34","7-20SRM3415","7-20SRM3415001","48","",""
"11","409","34","7-20SRM3415","7-20SRM3415001","49","",""
"11","411","35","7-20SRM3415","7-20SRM3415047","39.5","",""
"11","412","35","7-20SRM3415","7-20SRM3415047","40","",""
"11","413","35","7-20SRM3415","7-20SRM3415047","40.5","",""
"11","414","35","7-20SRM3415","7-20SRM3415047","41","",""
"11","415","35","7-20SRM3415","7-20SRM3415047","42","",""
"11","416","35","7-20SRM3415","7-20SRM3415047","42.5","",""
"11","417","35","7-20SRM3415","7-20SRM3415047","43","",""
"11","418","35","7-20SRM3415","7-20SRM3415047","44","",""
"11","419","35","7-20SRM3415","7-20SRM3415047","44.5","",""
"11","420","35","7-20SRM3415","7-20SRM3415047","45","",""
"11","421","35","7-20SRM3415","7-20SRM3415047","46","",""
"11","422","35","7-20SRM3415","7-20SRM3415047","47","",""
"11","423","35","7-20SRM3415","7-20SRM3415047","48","",""
"11","424","35","7-20SRM3415","7-20SRM3415047","49","",""
"10","321","29","7-26SPM0012","7-26SPM0012080","39.5","",""
"10","322","29","7-26SPM0012","7-26SPM0012080","40","",""
"10","323","29","7-26SPM0012","7-26SPM0012080","40.5","",""
"10","324","29","7-26SPM0012","7-26SPM0012080","41","",""
"10","325","29","7-26SPM0012","7-26SPM0012080","42","",""
"10","326","29","7-26SPM0012","7-26SPM0012080","42.5","",""
"10","327","29","7-26SPM0012","7-26SPM0012080","43","",""
"10","328","29","7-26SPM0012","7-26SPM0012080","44","",""
"10","329","29","7-26SPM0012","7-26SPM0012080","44.5","",""
"10","330","29","7-26SPM0012","7-26SPM0012080","45","",""
"10","331","29","7-26SPM0012","7-26SPM0012080","46","",""
"10","332","29","7-26SPM0012","7-26SPM0012080","47","",""
"10","333","29","7-26SPM0012","7-26SPM0012080","48","",""
"10","334","29","7-26SPM0012","7-26SPM0012080","49","",""
"10","336","30","7-26SPM0012","7-26SPM0012250","39.5","",""
"10","337","30","7-26SPM0012","7-26SPM0012250","40","",""
"10","338","30","7-26SPM0012","7-26SPM0012250","40.5","",""
"10","339","30","7-26SPM0012","7-26SPM0012250","41","",""
"10","340","30","7-26SPM0012","7-26SPM0012250","42","",""
"10","341","30","7-26SPM0012","7-26SPM0012250","42.5","",""
"10","342","30","7-26SPM0012","7-26SPM0012250","43","",""
"10","343","30","7-26SPM0012","7-26SPM0012250","44","",""
"10","344","30","7-26SPM0012","7-26SPM0012250","44.5","",""
"10","345","30","7-26SPM0012","7-26SPM0012250","45","",""
"10","346","30","7-26SPM0012","7-26SPM0012250","46","",""
"10","347","30","7-26SPM0012","7-26SPM0012250","47","",""
"10","348","30","7-26SPM0012","7-26SPM0012250","48","",""
"10","349","30","7-26SPM0012","7-26SPM0012250","49","",""
"10","351","31","7-26SPM0012","7-26SPM00123A4","39.5","",""
"10","352","31","7-26SPM0012","7-26SPM00123A4","40","",""
"10","353","31","7-26SPM0012","7-26SPM00123A4","40.5","",""
"10","354","31","7-26SPM0012","7-26SPM00123A4","41","",""
"10","355","31","7-26SPM0012","7-26SPM00123A4","42","",""
"10","356","31","7-26SPM0012","7-26SPM00123A4","42.5","",""
"10","357","31","7-26SPM0012","7-26SPM00123A4","43","",""
"10","358","31","7-26SPM0012","7-26SPM00123A4","44","",""
"10","359","31","7-26SPM0012","7-26SPM00123A4","44.5","",""
"10","360","31","7-26SPM0012","7-26SPM00123A4","45","",""
"10","361","31","7-26SPM0012","7-26SPM00123A4","46","",""
"10","362","31","7-26SPM0012","7-26SPM00123A4","47","",""
"10","363","31","7-26SPM0012","7-26SPM00123A4","48","",""
"10","364","31","7-26SPM0012","7-26SPM00123A4","49","",""
"9","266","24","7-27SPW0150","7-27SPW015021G","35.5","",""
"9","267","24","7-27SPW0150","7-27SPW015021G","36","",""
"9","268","24","7-27SPW0150","7-27SPW015021G","37","",""
"9","269","24","7-27SPW0150","7-27SPW015021G","37.5","",""
"9","270","24","7-27SPW0150","7-27SPW015021G","38","",""
"9","271","24","7-27SPW0150","7-27SPW015021G","39","",""
"9","272","24","7-27SPW0150","7-27SPW015021G","39.5","",""
"9","273","24","7-27SPW0150","7-27SPW015021G","40","",""
"9","274","24","7-27SPW0150","7-27SPW015021G","40.5","",""
"9","275","24","7-27SPW0150","7-27SPW015021G","41","",""
"9","276","24","7-27SPW0150","7-27SPW015021G","42","",""
"9","277","25","7-27SPW0150","7-27SPW0150DB4","35.5","",""
"9","278","25","7-27SPW0150","7-27SPW0150DB4","36","",""
"9","279","25","7-27SPW0150","7-27SPW0150DB4","37","",""
"9","280","25","7-27SPW0150","7-27SPW0150DB4","37.5","",""
"9","281","25","7-27SPW0150","7-27SPW0150DB4","38","",""
"9","282","25","7-27SPW0150","7-27SPW0150DB4","39","",""
"9","283","25","7-27SPW0150","7-27SPW0150DB4","39.5","",""
"9","284","25","7-27SPW0150","7-27SPW0150DB4","40","",""
"9","285","25","7-27SPW0150","7-27SPW0150DB4","40.5","",""
"9","286","25","7-27SPW0150","7-27SPW0150DB4","41","",""
"9","287","25","7-27SPW0150","7-27SPW0150DB4","42","",""
"9","288","26","7-27SPW0150","7-27SPW0150DR2","35.5","",""
"9","289","26","7-27SPW0150","7-27SPW0150DR2","36","",""
"9","290","26","7-27SPW0150","7-27SPW0150DR2","37","",""
"9","291","26","7-27SPW0150","7-27SPW0150DR2","37.5","",""
"9","292","26","7-27SPW0150","7-27SPW0150DR2","38","",""
"9","293","26","7-27SPW0150","7-27SPW0150DR2","39","",""
"9","294","26","7-27SPW0150","7-27SPW0150DR2","39.5","",""
"9","295","26","7-27SPW0150","7-27SPW0150DR2","40","",""
"9","296","26","7-27SPW0150","7-27SPW0150DR2","40.5","",""
"9","297","26","7-27SPW0150","7-27SPW0150DR2","41","",""
"9","298","26","7-27SPW0150","7-27SPW0150DR2","42","",""
"9","299","27","7-27SPW0150","7-27SPW015002H","35.5","",""
"9","300","27","7-27SPW0150","7-27SPW015002H","36","",""
"9","301","27","7-27SPW0150","7-27SPW015002H","37","",""
"9","302","27","7-27SPW0150","7-27SPW015002H","37.5","",""
"9","303","27","7-27SPW0150","7-27SPW015002H","38","",""
"9","304","27","7-27SPW0150","7-27SPW015002H","39","",""
"9","305","27","7-27SPW0150","7-27SPW015002H","39.5","",""
"9","306","27","7-27SPW0150","7-27SPW015002H","40","",""
"9","307","27","7-27SPW0150","7-27SPW015002H","40.5","",""
"9","308","27","7-27SPW0150","7-27SPW015002H","41","",""
"9","309","27","7-27SPW0150","7-27SPW015002H","42","",""
"9","310","28","7-27SPW0150","7-27SPW015012C","35.5","",""
"9","311","28","7-27SPW0150","7-27SPW015012C","36","",""
"9","312","28","7-27SPW0150","7-27SPW015012C","37","",""
"9","313","28","7-27SPW0150","7-27SPW015012C","37.5","",""
"9","314","28","7-27SPW0150","7-27SPW015012C","38","",""
"9","315","28","7-27SPW0150","7-27SPW015012C","39","",""
"9","316","28","7-27SPW0150","7-27SPW015012C","39.5","",""
"9","317","28","7-27SPW0150","7-27SPW015012C","40","",""
"9","318","28","7-27SPW0150","7-27SPW015012C","40.5","",""
"9","319","28","7-27SPW0150","7-27SPW015012C","41","",""
"9","320","28","7-27SPW0150","7-27SPW015012C","42","",""
"8","233","21","7-29SPW1027","7-29SPW1027PP2","35.5","",""
"8","234","21","7-29SPW1027","7-29SPW1027PP2","36","",""
"8","235","21","7-29SPW1027","7-29SPW1027PP2","37","",""
"8","236","21","7-29SPW1027","7-29SPW1027PP2","37.5","",""
"8","237","21","7-29SPW1027","7-29SPW1027PP2","38","",""
"8","238","21","7-29SPW1027","7-29SPW1027PP2","39","",""
"8","239","21","7-29SPW1027","7-29SPW1027PP2","39.5","",""
"8","240","21","7-29SPW1027","7-29SPW1027PP2","40","",""
"8","241","21","7-29SPW1027","7-29SPW1027PP2","40.5","",""
"8","242","21","7-29SPW1027","7-29SPW1027PP2","41","",""
"8","243","21","7-29SPW1027","7-29SPW1027PP2","42","",""
"8","244","22","7-29SPW1027","7-29SPW1027GG2","35.5","",""
"8","245","22","7-29SPW1027","7-29SPW1027GG2","36","",""
"8","246","22","7-29SPW1027","7-29SPW1027GG2","37","",""
"8","247","22","7-29SPW1027","7-29SPW1027GG2","37.5","",""
"8","248","22","7-29SPW1027","7-29SPW1027GG2","38","",""
"8","249","22","7-29SPW1027","7-29SPW1027GG2","39","",""
"8","250","22","7-29SPW1027","7-29SPW1027GG2","39.5","",""
"8","251","22","7-29SPW1027","7-29SPW1027GG2","40","",""
"8","252","22","7-29SPW1027","7-29SPW1027GG2","40.5","",""
"8","253","22","7-29SPW1027","7-29SPW1027GG2","41","",""
"8","254","22","7-29SPW1027","7-29SPW1027GG2","42","",""
"8","255","23","7-29SPW1027","7-29SPW1027RR1","35.5","",""
"8","256","23","7-29SPW1027","7-29SPW1027RR1","36","",""
"8","257","23","7-29SPW1027","7-29SPW1027RR1","37","",""
"8","258","23","7-29SPW1027","7-29SPW1027RR1","37.5","",""
"8","259","23","7-29SPW1027","7-29SPW1027RR1","38","",""
"8","260","23","7-29SPW1027","7-29SPW1027RR1","39","",""
"8","261","23","7-29SPW1027","7-29SPW1027RR1","39.5","",""
"8","262","23","7-29SPW1027","7-29SPW1027RR1","40","",""
"8","263","23","7-29SPW1027","7-29SPW1027RR1","40.5","",""
"8","264","23","7-29SPW1027","7-29SPW1027RR1","41","",""
"8","265","23","7-29SPW1027","7-29SPW1027RR1","42","",""
"7","189","17","7-29SPW1054","7-29SPW1054DB4","35.5","",""
"7","190","17","7-29SPW1054","7-29SPW1054DB4","36","",""
"7","191","17","7-29SPW1054","7-29SPW1054DB4","37","",""
"7","192","17","7-29SPW1054","7-29SPW1054DB4","37.5","",""
"7","193","17","7-29SPW1054","7-29SPW1054DB4","38","",""
"7","194","17","7-29SPW1054","7-29SPW1054DB4","39","",""
"7","195","17","7-29SPW1054","7-29SPW1054DB4","39.5","",""
"7","196","17","7-29SPW1054","7-29SPW1054DB4","40","",""
"7","197","17","7-29SPW1054","7-29SPW1054DB4","40.5","",""
"7","198","17","7-29SPW1054","7-29SPW1054DB4","41","",""
"7","199","17","7-29SPW1054","7-29SPW1054DB4","42","",""
"7","200","18","7-29SPW1054","7-29SPW1054DR2","35.5","",""
"7","201","18","7-29SPW1054","7-29SPW1054DR2","36","",""
"7","202","18","7-29SPW1054","7-29SPW1054DR2","37","",""
"7","203","18","7-29SPW1054","7-29SPW1054DR2","37.5","",""
"7","204","18","7-29SPW1054","7-29SPW1054DR2","38","",""
"7","205","18","7-29SPW1054","7-29SPW1054DR2","39","",""
"7","206","18","7-29SPW1054","7-29SPW1054DR2","39.5","",""
"7","207","18","7-29SPW1054","7-29SPW1054DR2","40","",""
"7","208","18","7-29SPW1054","7-29SPW1054DR2","40.5","",""
"7","209","18","7-29SPW1054","7-29SPW1054DR2","41","",""
"7","210","18","7-29SPW1054","7-29SPW1054DR2","42","",""
"7","211","19","7-29SPW1054","7-29SPW105402H","35.5","",""
"7","212","19","7-29SPW1054","7-29SPW105402H","36","",""
"7","213","19","7-29SPW1054","7-29SPW105402H","37","",""
"7","214","19","7-29SPW1054","7-29SPW105402H","37.5","",""
"7","215","19","7-29SPW1054","7-29SPW105402H","38","",""
"7","216","19","7-29SPW1054","7-29SPW105402H","39","",""
"7","217","19","7-29SPW1054","7-29SPW105402H","39.5","",""
"7","218","19","7-29SPW1054","7-29SPW105402H","40","",""
"7","219","19","7-29SPW1054","7-29SPW105402H","40.5","",""
"7","220","19","7-29SPW1054","7-29SPW105402H","41","",""
"7","221","19","7-29SPW1054","7-29SPW105402H","42","",""
"7","222","20","7-29SPW1054","7-29SPW105421G","35.5","",""
"7","223","20","7-29SPW1054","7-29SPW105421G","36","",""
"7","224","20","7-29SPW1054","7-29SPW105421G","37","",""
"7","225","20","7-29SPW1054","7-29SPW105421G","37.5","",""
"7","226","20","7-29SPW1054","7-29SPW105421G","38","",""
"7","227","20","7-29SPW1054","7-29SPW105421G","39","",""
"7","228","20","7-29SPW1054","7-29SPW105421G","39.5","",""
"7","229","20","7-29SPW1054","7-29SPW105421G","40","",""
"7","230","20","7-29SPW1054","7-29SPW105421G","40.5","",""
"7","231","20","7-29SPW1054","7-29SPW105421G","41","",""
"7","232","20","7-29SPW1054","7-29SPW105421G","42","",""
"6","144","14","7-30SPM0030","7-30SPM0030CJ2","39.5","",""
"6","145","14","7-30SPM0030","7-30SPM0030CJ2","40","",""
"6","146","14","7-30SPM0030","7-30SPM0030CJ2","40.5","",""
"6","147","14","7-30SPM0030","7-30SPM0030CJ2","41","",""
"6","148","14","7-30SPM0030","7-30SPM0030CJ2","42","",""
"6","149","14","7-30SPM0030","7-30SPM0030CJ2","42.5","",""
"6","150","14","7-30SPM0030","7-30SPM0030CJ2","43","",""
"6","151","14","7-30SPM0030","7-30SPM0030CJ2","44","",""
"6","152","14","7-30SPM0030","7-30SPM0030CJ2","44.5","",""
"6","153","14","7-30SPM0030","7-30SPM0030CJ2","45","",""
"6","154","14","7-30SPM0030","7-30SPM0030CJ2","46","",""
"6","155","14","7-30SPM0030","7-30SPM0030CJ2","47","",""
"6","156","14","7-30SPM0030","7-30SPM0030CJ2","48","",""
"6","157","14","7-30SPM0030","7-30SPM0030CJ2","49","",""
"6","159","15","7-30SPM0030","7-30SPM0030DB4","39.5","",""
"6","160","15","7-30SPM0030","7-30SPM0030DB4","40","",""
"6","161","15","7-30SPM0030","7-30SPM0030DB4","40.5","",""
"6","162","15","7-30SPM0030","7-30SPM0030DB4","41","",""
"6","163","15","7-30SPM0030","7-30SPM0030DB4","42","",""
"6","164","15","7-30SPM0030","7-30SPM0030DB4","42.5","",""
"6","165","15","7-30SPM0030","7-30SPM0030DB4","43","",""
"6","166","15","7-30SPM0030","7-30SPM0030DB4","44","",""
"6","167","15","7-30SPM0030","7-30SPM0030DB4","44.5","",""
"6","168","15","7-30SPM0030","7-30SPM0030DB4","45","",""
"6","169","15","7-30SPM0030","7-30SPM0030DB4","46","",""
"6","170","15","7-30SPM0030","7-30SPM0030DB4","47","",""
"6","171","15","7-30SPM0030","7-30SPM0030DB4","48","",""
"6","172","15","7-30SPM0030","7-30SPM0030DB4","49","",""
"6","174","16","7-30SPM0030","7-30SPM0030RR1","39.5","",""
"6","175","16","7-30SPM0030","7-30SPM0030RR1","40","",""
"6","176","16","7-30SPM0030","7-30SPM0030RR1","40.5","",""
"6","177","16","7-30SPM0030","7-30SPM0030RR1","41","",""
"6","178","16","7-30SPM0030","7-30SPM0030RR1","42","",""
"6","179","16","7-30SPM0030","7-30SPM0030RR1","42.5","",""
"6","180","16","7-30SPM0030","7-30SPM0030RR1","43","",""
"6","181","16","7-30SPM0030","7-30SPM0030RR1","44","",""
"6","182","16","7-30SPM0030","7-30SPM0030RR1","44.5","",""
"6","183","16","7-30SPM0030","7-30SPM0030RR1","45","",""
"6","184","16","7-30SPM0030","7-30SPM0030RR1","46","",""
"6","185","16","7-30SPM0030","7-30SPM0030RR1","47","",""
"6","186","16","7-30SPM0030","7-30SPM0030RR1","48","",""
"6","187","16","7-30SPM0030","7-30SPM0030RR1","49","",""
"5","100","10","7-27SPW0112","7-27SPW011217C","35.5","",""
"5","101","10","7-27SPW0112","7-27SPW011217C","36","",""
"5","102","10","7-27SPW0112","7-27SPW011217C","37","",""
"5","103","10","7-27SPW0112","7-27SPW011217C","37.5","",""
"5","104","10","7-27SPW0112","7-27SPW011217C","38","",""
"5","105","10","7-27SPW0112","7-27SPW011217C","39","",""
"5","106","10","7-27SPW0112","7-27SPW011217C","39.5","",""
"5","107","10","7-27SPW0112","7-27SPW011217C","40","",""
"5","108","10","7-27SPW0112","7-27SPW011217C","40.5","",""
"5","109","10","7-27SPW0112","7-27SPW011217C","41","",""
"5","110","10","7-27SPW0112","7-27SPW011217C","42","",""
"5","111","11","7-27SPW0112","7-27SPW0112338","35.5","",""
"5","112","11","7-27SPW0112","7-27SPW0112338","36","",""
"5","113","11","7-27SPW0112","7-27SPW0112338","37","",""
"5","114","11","7-27SPW0112","7-27SPW0112338","37.5","",""
"5","115","11","7-27SPW0112","7-27SPW0112338","38","",""
"5","116","11","7-27SPW0112","7-27SPW0112338","39","",""
"5","117","11","7-27SPW0112","7-27SPW0112338","39.5","",""
"5","118","11","7-27SPW0112","7-27SPW0112338","40","",""
"5","119","11","7-27SPW0112","7-27SPW0112338","40.5","",""
"5","120","11","7-27SPW0112","7-27SPW0112338","41","",""
"5","121","11","7-27SPW0112","7-27SPW0112338","42","",""
"5","122","12","7-27SPW0112","7-27SPW011213C","35.5","",""
"5","123","12","7-27SPW0112","7-27SPW011213C","36","",""
"5","124","12","7-27SPW0112","7-27SPW011213C","37","",""
"5","125","12","7-27SPW0112","7-27SPW011213C","37.5","",""
"5","126","12","7-27SPW0112","7-27SPW011213C","38","",""
"5","127","12","7-27SPW0112","7-27SPW011213C","39","",""
"5","128","12","7-27SPW0112","7-27SPW011213C","39.5","",""
"5","129","12","7-27SPW0112","7-27SPW011213C","40","",""
"5","130","12","7-27SPW0112","7-27SPW011213C","40.5","",""
"5","131","12","7-27SPW0112","7-27SPW011213C","41","",""
"5","132","12","7-27SPW0112","7-27SPW011213C","42","",""
"5","133","13","7-27SPW0112","7-27SPW0112LT9","35.5","",""
"5","134","13","7-27SPW0112","7-27SPW0112LT9","36","",""
"5","135","13","7-27SPW0112","7-27SPW0112LT9","37","",""
"5","136","13","7-27SPW0112","7-27SPW0112LT9","37.5","",""
"5","137","13","7-27SPW0112","7-27SPW0112LT9","38","",""
"5","138","13","7-27SPW0112","7-27SPW0112LT9","39","",""
"5","139","13","7-27SPW0112","7-27SPW0112LT9","39.5","",""
"5","140","13","7-27SPW0112","7-27SPW0112LT9","40","",""
"5","141","13","7-27SPW0112","7-27SPW0112LT9","40.5","",""
"5","142","13","7-27SPW0112","7-27SPW0112LT9","41","",""
"5","143","13","7-27SPW0112","7-27SPW0112LT9","42","",""
"4","67","7","7-29SPW2225","7-29SPW2225X96","35.5","",""
"4","68","7","7-29SPW2225","7-29SPW2225X96","36","",""
"4","69","7","7-29SPW2225","7-29SPW2225X96","37","",""
"4","70","7","7-29SPW2225","7-29SPW2225X96","37.5","",""
"4","71","7","7-29SPW2225","7-29SPW2225X96","38","",""
"4","72","7","7-29SPW2225","7-29SPW2225X96","39","",""
"4","73","7","7-29SPW2225","7-29SPW2225X96","39.5","",""
"4","74","7","7-29SPW2225","7-29SPW2225X96","40","",""
"4","75","7","7-29SPW2225","7-29SPW2225X96","40.5","",""
"4","76","7","7-29SPW2225","7-29SPW2225X96","41","",""
"4","77","7","7-29SPW2225","7-29SPW2225X96","42","",""
"4","78","8","7-29SPW2225","7-29SPW2225F50","35.5","",""
"4","79","8","7-29SPW2225","7-29SPW2225F50","36","",""
"4","80","8","7-29SPW2225","7-29SPW2225F50","37","",""
"4","81","8","7-29SPW2225","7-29SPW2225F50","37.5","",""
"4","82","8","7-29SPW2225","7-29SPW2225F50","38","",""
"4","83","8","7-29SPW2225","7-29SPW2225F50","39","",""
"4","84","8","7-29SPW2225","7-29SPW2225F50","39.5","",""
"4","85","8","7-29SPW2225","7-29SPW2225F50","40","",""
"4","86","8","7-29SPW2225","7-29SPW2225F50","40.5","",""
"4","87","8","7-29SPW2225","7-29SPW2225F50","41","",""
"4","88","8","7-29SPW2225","7-29SPW2225F50","42","",""
"4","89","9","7-29SPW2225","7-29SPW2225121","35.5","",""
"4","90","9","7-29SPW2225","7-29SPW2225121","36","",""
"4","91","9","7-29SPW2225","7-29SPW2225121","37","",""
"4","92","9","7-29SPW2225","7-29SPW2225121","37.5","",""
"4","93","9","7-29SPW2225","7-29SPW2225121","38","",""
"4","94","9","7-29SPW2225","7-29SPW2225121","39","",""
"4","95","9","7-29SPW2225","7-29SPW2225121","39.5","",""
"4","96","9","7-29SPW2225","7-29SPW2225121","40","",""
"4","97","9","7-29SPW2225","7-29SPW2225121","40.5","",""
"4","98","9","7-29SPW2225","7-29SPW2225121","41","",""
"4","99","9","7-29SPW2225","7-29SPW2225121","42","",""
"3","45","5","7-29SPW1026","7-29SPW1026121","35.5","",""
"3","46","5","7-29SPW1026","7-29SPW1026121","36","",""
"3","47","5","7-29SPW1026","7-29SPW1026121","37","",""
"3","48","5","7-29SPW1026","7-29SPW1026121","37.5","",""
"3","49","5","7-29SPW1026","7-29SPW1026121","38","",""
"3","50","5","7-29SPW1026","7-29SPW1026121","39","",""
"3","51","5","7-29SPW1026","7-29SPW1026121","39.5","",""
"3","52","5","7-29SPW1026","7-29SPW1026121","40","",""
"3","53","5","7-29SPW1026","7-29SPW1026121","40.5","",""
"3","54","5","7-29SPW1026","7-29SPW1026121","41","",""
"3","55","5","7-29SPW1026","7-29SPW1026121","42","",""
"3","56","6","7-29SPW1026","7-29SPW1026F50","35.5","",""
"3","57","6","7-29SPW1026","7-29SPW1026F50","36","",""
"3","58","6","7-29SPW1026","7-29SPW1026F50","37","",""
"3","59","6","7-29SPW1026","7-29SPW1026F50","37.5","",""
"3","60","6","7-29SPW1026","7-29SPW1026F50","38","",""
"3","61","6","7-29SPW1026","7-29SPW1026F50","39","",""
"3","62","6","7-29SPW1026","7-29SPW1026F50","39.5","",""
"3","63","6","7-29SPW1026","7-29SPW1026F50","40","",""
"3","64","6","7-29SPW1026","7-29SPW1026F50","40.5","",""
"3","65","6","7-29SPW1026","7-29SPW1026F50","41","",""
"3","66","6","7-29SPW1026","7-29SPW1026F50","42","",""
"2","34","4","7-29SPW1024","7-29SPW1024X96","35.5","",""
"2","35","4","7-29SPW1024","7-29SPW1024X96","36","",""
"2","36","4","7-29SPW1024","7-29SPW1024X96","37","",""
"2","37","4","7-29SPW1024","7-29SPW1024X96","37.5","",""
"2","38","4","7-29SPW1024","7-29SPW1024X96","38","",""
"2","39","4","7-29SPW1024","7-29SPW1024X96","39","",""
"2","40","4","7-29SPW1024","7-29SPW1024X96","39.5","",""
"2","41","4","7-29SPW1024","7-29SPW1024X96","40","",""
"2","42","4","7-29SPW1024","7-29SPW1024X96","40.5","",""
"2","43","4","7-29SPW1024","7-29SPW1024X96","41","",""
"2","44","4","7-29SPW1024","7-29SPW1024X96","42","",""
"1","1","1","7-26SPW1021","7-26SPW102121G","35.5","",""
"1","2","1","7-26SPW1021","7-26SPW102121G","36","",""
"1","3","1","7-26SPW1021","7-26SPW102121G","37","",""
"1","4","1","7-26SPW1021","7-26SPW102121G","37.5","",""
"1","5","1","7-26SPW1021","7-26SPW102121G","38","",""
"1","6","1","7-26SPW1021","7-26SPW102121G","39","",""
"1","7","1","7-26SPW1021","7-26SPW102121G","39.5","",""
"1","8","1","7-26SPW1021","7-26SPW102121G","40","",""
"1","9","1","7-26SPW1021","7-26SPW102121G","40.5","",""
"1","10","1","7-26SPW1021","7-26SPW102121G","41","",""
"1","11","1","7-26SPW1021","7-26SPW102121G","42","",""
"1","12","2","7-26SPW1021","7-26SPW102102H","35.5","",""
"1","13","2","7-26SPW1021","7-26SPW102102H","36","",""
"1","14","2","7-26SPW1021","7-26SPW102102H","37","",""
"1","15","2","7-26SPW1021","7-26SPW102102H","37.5","",""
"1","16","2","7-26SPW1021","7-26SPW102102H","38","",""
"1","17","2","7-26SPW1021","7-26SPW102102H","39","",""
"1","18","2","7-26SPW1021","7-26SPW102102H","39.5","",""
"1","19","2","7-26SPW1021","7-26SPW102102H","40","",""
"1","20","2","7-26SPW1021","7-26SPW102102H","40.5","",""
"1","21","2","7-26SPW1021","7-26SPW102102H","41","",""
"1","22","2","7-26SPW1021","7-26SPW102102H","42","",""
"1","23","3","7-26SPW1021","7-26SPW1021DB4","35.5","",""
"1","24","3","7-26SPW1021","7-26SPW1021DB4","36","",""
"1","25","3","7-26SPW1021","7-26SPW1021DB4","37","",""
"1","26","3","7-26SPW1021","7-26SPW1021DB4","37.5","",""
"1","27","3","7-26SPW1021","7-26SPW1021DB4","38","",""
"1","28","3","7-26SPW1021","7-26SPW1021DB4","39","",""
"1","29","3","7-26SPW1021","7-26SPW1021DB4","39.5","",""
"1","30","3","7-26SPW1021","7-26SPW1021DB4","40","",""
"1","31","3","7-26SPW1021","7-26SPW1021DB4","40.5","",""
"1","32","3","7-26SPW1021","7-26SPW1021DB4","41","",""
"1","33","3","7-26SPW1021","7-26SPW1021DB4","42","",""
