/*
Navicat MySQL Data Transfer

Source Server         : tonyzu2016.gotoftp11.com
Source Server Version : 50617
Source Host           : tonyzu2016.gotoftp11.com:3306
Source Database       : tonyzu2016

Target Server Type    : MYSQL
Target Server Version : 50617
File Encoding         : 65001

Date: 2017-04-01 14:51:09
*/

SET FOREIGN_KEY_CHECKS=0;

-- ----------------------------
-- Table structure for `logistics`
-- ----------------------------
DROP TABLE IF EXISTS `logistics`;
CREATE TABLE `logistics` (
  `Id` int(11) NOT NULL AUTO_INCREMENT,
  `orderId` bigint(20) NOT NULL,
  `flowIds` varchar(255) NOT NULL,
  `companyId` int(11) NOT NULL,
  `companyName` varchar(20) NOT NULL,
  `oddNumber` varchar(30) NOT NULL,
  `price` decimal(10,2) NOT NULL,
  `status` int(11) NOT NULL,
  `createDate` datetime NOT NULL,
  `updateDate` timestamp NOT NULL DEFAULT CURRENT_TIMESTAMP ON UPDATE CURRENT_TIMESTAMP,
  PRIMARY KEY (`Id`)
) ENGINE=InnoDB AUTO_INCREMENT=8 DEFAULT CHARSET=utf8;

-- ----------------------------
-- Records of logistics
-- ----------------------------
INSERT INTO `logistics` VALUES ('1', '1612090018410960807', '13,14', '1', '顺丰快递', '456112631548', '9.90', '0', '2016-11-26 11:13:29', '2016-12-10 10:23:27');
INSERT INTO `logistics` VALUES ('2', '1612100008204696367', '22', '1', '顺丰速运', '123156465', '1.00', '0', '2016-12-10 15:29:23', '2016-12-10 15:39:48');
INSERT INTO `logistics` VALUES ('3', '1612100008204696367', '23', '4', '申通快递', '15616151', '54.00', '0', '2016-12-10 15:29:54', '2016-12-10 15:39:51');
INSERT INTO `logistics` VALUES ('4', '1612100026541504420', '24,25', '2', '邮政EMS', '1231564', '123.00', '0', '2016-12-10 15:38:58', '2016-12-10 15:38:58');
INSERT INTO `logistics` VALUES ('5', '1612100004236724301', '21', '7', '宅急送', '18165156', '1.00', '0', '2016-12-10 16:26:49', '2016-12-10 16:26:49');
INSERT INTO `logistics` VALUES ('6', '1612100004236724301', '20', '4', '申通快递', '432432432', '3.00', '0', '2016-12-10 16:27:01', '2016-12-10 16:27:01');
INSERT INTO `logistics` VALUES ('7', '1612102200491945732', '26,27', '1', '顺丰速运', '11111111', '23.00', '0', '2016-12-10 22:20:08', '2016-12-10 22:20:08');

-- ----------------------------
-- Table structure for `orderdetail`
-- ----------------------------
DROP TABLE IF EXISTS `orderdetail`;
CREATE TABLE `orderdetail` (
  `flowId` int(11) NOT NULL AUTO_INCREMENT,
  `orderId` bigint(20) NOT NULL,
  `orderNo` varchar(30) NOT NULL,
  `baseId` int(11) NOT NULL,
  `baseNo` varchar(32) NOT NULL DEFAULT '',
  `baseName` varchar(120) NOT NULL DEFAULT '',
  `productId` int(11) NOT NULL,
  `productNo` varchar(40) NOT NULL DEFAULT '',
  `productName` varchar(120) NOT NULL,
  `imgUrl` varchar(128) NOT NULL,
  `price` decimal(10,2) NOT NULL,
  `quantity` int(11) NOT NULL,
  `amount` decimal(10,2) NOT NULL,
  `remark` varchar(120) NOT NULL,
  `orderStatus` int(11) NOT NULL,
  `updateDate` timestamp NOT NULL DEFAULT CURRENT_TIMESTAMP ON UPDATE CURRENT_TIMESTAMP,
  `skuId` int(11) NOT NULL,
  `skuName` varchar(30) NOT NULL,
  PRIMARY KEY (`flowId`)
) ENGINE=InnoDB AUTO_INCREMENT=28 DEFAULT CHARSET=utf8;

-- ----------------------------
-- Records of orderdetail
-- ----------------------------
INSERT INTO `orderdetail` VALUES ('13', '1612090018410960807', '2545763666429514', '1', '7-29SPW1030', '女士休闲鞋', '10000', '7-29SPW1030-001', '女士休闲鞋-红色', '', '450.00', '1', '450.00', '', '1', '2016-12-09 00:18:41', '4', '37');
INSERT INTO `orderdetail` VALUES ('14', '1612090018410960807', '2545763666429514', '1', '7-29SPW1030', '女士休闲鞋', '10001', '7-29SPW1030-003', '女士休闲鞋-蓝色', '', '450.00', '1', '450.00', '', '1', '2016-12-09 00:18:41', '5', '38');
INSERT INTO `orderdetail` VALUES ('15', '1612090026017362481', '2464604448941232', '1', '7-29SPW1030', '女士休闲鞋', '10001', '7-29SPW1030-003', '女士休闲鞋-蓝色', '', '450.00', '1', '450.00', '', '1', '2016-12-09 00:26:01', '7', '41.5');
INSERT INTO `orderdetail` VALUES ('16', '1612090026017362481', '2464604448941232', '1', '7-29SPW1030', '女士休闲鞋', '10000', '7-29SPW1030-001', '女士休闲鞋-红色', '', '450.00', '1', '450.00', '', '1', '2016-12-09 00:26:01', '5', '38');
INSERT INTO `orderdetail` VALUES ('17', '1612090026535817624', '2409062472387623', '1', '7-29SPW1030', '女士休闲鞋', '10001', '7-29SPW1030-003', '女士休闲鞋-蓝色', '', '450.00', '1', '450.00', '', '1', '2016-12-09 00:26:53', '5', '38');
INSERT INTO `orderdetail` VALUES ('18', '1612090026535817624', '2409062472387623', '1', '7-29SPW1030', '女士休闲鞋', '10000', '7-29SPW1030-001', '女士休闲鞋-红色', '', '450.00', '1', '450.00', '', '1', '2016-12-09 00:26:53', '4', '37');
INSERT INTO `orderdetail` VALUES ('19', '1612092337362780668', '25457636663', '1', '7-29SPW1030', '女士休闲鞋1', '10001', '7-29SPW1030-003', '女士休闲鞋-蓝色', '', '450.00', '1', '450.00', '', '1', '2016-12-09 23:37:36', '4', '37');
INSERT INTO `orderdetail` VALUES ('20', '1612100004236724301', '44444444', '1', '7-29SPW1030', '女士休闲鞋1', '10001', '7-29SPW1030-003', '女士休闲鞋-蓝色', '', '450.00', '1', '450.00', '', '2', '2016-12-10 16:27:01', '4', '37');
INSERT INTO `orderdetail` VALUES ('21', '1612100004236724301', '44444444', '1', '7-29SPW1030', '女士休闲鞋1', '10000', '7-29SPW1030-001', '女士休闲鞋-红色', '', '450.00', '1', '450.00', '', '2', '2016-12-10 16:26:48', '5', '38');
INSERT INTO `orderdetail` VALUES ('22', '1612100008204696367', '33', '1', '7-29SPW1030', '女士休闲鞋1', '10001', '7-29SPW1030-003', '女士休闲鞋-蓝色', '', '450.00', '1', '450.00', '', '2', '2016-12-10 15:29:22', '4', '37');
INSERT INTO `orderdetail` VALUES ('23', '1612100008204696367', '33', '1', '7-29SPW1030', '女士休闲鞋1', '10001', '7-29SPW1030-003', '女士休闲鞋-蓝色', '', '450.00', '1', '450.00', '', '2', '2016-12-10 15:29:54', '5', '38');
INSERT INTO `orderdetail` VALUES ('24', '1612100026541504420', '423432', '1', '7-29SPW1030', '女士休闲鞋1', '10001', '7-29SPW1030-003', '女士休闲鞋-蓝色', '', '450.00', '1', '450.00', '', '2', '2016-12-10 15:38:57', '5', '38');
INSERT INTO `orderdetail` VALUES ('25', '1612100026541504420', '423432', '1', '7-29SPW1030', '女士休闲鞋1', '10001', '7-29SPW1030-003', '女士休闲鞋-蓝色', '', '450.00', '1', '450.00', '', '2', '2016-12-10 15:38:57', '6', '39');
INSERT INTO `orderdetail` VALUES ('26', '1612102200491945732', '454815645191651564', '1', '7-29SPW1030', '女士休闲鞋1', '10001', '7-29SPW1030-003', '女士休闲鞋-蓝色', '', '450.00', '3', '1350.00', '', '2', '2016-12-10 22:20:08', '5', '38');
INSERT INTO `orderdetail` VALUES ('27', '1612102200491945732', '454815645191651564', '1', '7-29SPW1030', '女士休闲鞋1', '10001', '7-29SPW1030-003', '女士休闲鞋-蓝色', '', '450.00', '1', '450.00', '', '2', '2016-12-10 22:20:08', '6', '39');

-- ----------------------------
-- Table structure for `orderlogs`
-- ----------------------------
DROP TABLE IF EXISTS `orderlogs`;
CREATE TABLE `orderlogs` (
  `logId` int(11) NOT NULL AUTO_INCREMENT,
  `orderId` bigint(20) NOT NULL,
  `userId` int(11) NOT NULL,
  `userName` varchar(32) NOT NULL,
  `title` varchar(64) NOT NULL,
  `content` varchar(2000) NOT NULL,
  `createDate` timestamp NOT NULL DEFAULT CURRENT_TIMESTAMP ON UPDATE CURRENT_TIMESTAMP,
  PRIMARY KEY (`logId`)
) ENGINE=InnoDB AUTO_INCREMENT=28 DEFAULT CHARSET=utf8;

-- ----------------------------
-- Records of orderlogs
-- ----------------------------
INSERT INTO `orderlogs` VALUES ('2', '1611302246169946118', '10007', 'admin', '添加订单', '女士休闲鞋-蓝色-38*2', '2016-11-30 22:46:17');
INSERT INTO `orderlogs` VALUES ('3', '1612090018410960807', '10017', 'admin', '添加订单', '女士休闲鞋-红色-37*1,女士休闲鞋-蓝色-38*1', '2016-12-09 00:18:41');
INSERT INTO `orderlogs` VALUES ('4', '1612090026017362481', '10017', 'admin', '添加订单', '女士休闲鞋-蓝色-41.5*1,女士休闲鞋-红色-38*1', '2016-12-09 00:26:02');
INSERT INTO `orderlogs` VALUES ('5', '1612090026535817624', '10017', 'admin', '添加订单', '女士休闲鞋-蓝色-38*1,女士休闲鞋-红色-37*1', '2016-12-09 00:26:54');
INSERT INTO `orderlogs` VALUES ('6', '1612092337362780668', '10017', 'admin', '添加订单', '女士休闲鞋-蓝色-37*1', '2016-12-09 23:37:36');
INSERT INTO `orderlogs` VALUES ('7', '1612100004236724301', '10017', 'admin', '添加订单', '女士休闲鞋-蓝色-37*1,女士休闲鞋-红色-38*1', '2016-12-10 00:04:24');
INSERT INTO `orderlogs` VALUES ('8', '1612100008204696367', '10017', 'admin', '添加订单', '女士休闲鞋-蓝色-37*1,女士休闲鞋-蓝色-38*1', '2016-12-10 00:08:21');
INSERT INTO `orderlogs` VALUES ('9', '1612100026541504420', '10017', 'admin', '添加订单', '蓝色38  蓝色39  ', '2016-12-10 00:26:54');
INSERT INTO `orderlogs` VALUES ('10', '1612090018410960807', '10017', 'admin', '确认收款', 'admin已确认收到订单款项', '2016-12-10 11:43:22');
INSERT INTO `orderlogs` VALUES ('11', '1612090018410960807', '10017', 'admin', '取消订单', '客户要求取消,已退款', '2016-12-10 12:04:37');
INSERT INTO `orderlogs` VALUES ('12', '1612100008204696367', '10017', 'admin', '发货', '顺丰速运,运单号:123156465', '2016-12-10 15:29:23');
INSERT INTO `orderlogs` VALUES ('13', '1612100008204696367', '10017', 'admin', '发货', '申通快递,运单号:15616151', '2016-12-10 15:29:54');
INSERT INTO `orderlogs` VALUES ('14', '1612100026541504420', '10017', 'admin', '确认收款', '已确认收到订单款项', '2016-12-10 15:38:47');
INSERT INTO `orderlogs` VALUES ('15', '1612100026541504420', '10017', 'admin', '发货', '邮政EMS,运单号:1231564', '2016-12-10 15:38:58');
INSERT INTO `orderlogs` VALUES ('16', '1612100004236724301', '10017', 'admin', '发货', '宅急送,运单号:18165156', '2016-12-10 16:26:49');
INSERT INTO `orderlogs` VALUES ('17', '1612100004236724301', '10017', 'admin', '发货', '申通快递,运单号:432432432', '2016-12-10 16:27:01');
INSERT INTO `orderlogs` VALUES ('18', '1612092337362780668', '10017', 'admin', '确认收款', '已确认收到订单款项', '2016-12-10 16:44:09');
INSERT INTO `orderlogs` VALUES ('19', '1612090026535817624', '10017', 'admin', '支付订单', 'admin已支付了订单,等待后台管理员审核', '2016-12-10 17:48:12');
INSERT INTO `orderlogs` VALUES ('20', '1612090026535817624', '10017', 'admin', '确认收款', '已确认收到订单款项', '2016-12-10 17:50:58');
INSERT INTO `orderlogs` VALUES ('21', '1612102200491945732', '10017', 'admin', '添加订单', '快点发货', '2016-12-10 22:00:49');
INSERT INTO `orderlogs` VALUES ('22', '1612102200491945732', '10017', 'admin', '支付订单', 'admin已支付了订单,等待后台管理员审核', '2016-12-10 22:01:22');
INSERT INTO `orderlogs` VALUES ('23', '1612102200491945732', '10017', 'admin', '确认收款', '已确认收到订单款项', '2016-12-10 22:03:10');
INSERT INTO `orderlogs` VALUES ('24', '1612102200491945732', '10017', 'admin', '发货', '顺丰速运,运单号:11111111', '2016-12-10 22:20:09');
INSERT INTO `orderlogs` VALUES ('25', '1612092337362780668', '10017', 'admin', '取消订单', '无货取消订单', '2016-12-10 22:20:47');
INSERT INTO `orderlogs` VALUES ('26', '1612090026017362481', '10017', 'admin', '取消订单', '', '2016-12-11 13:09:14');
INSERT INTO `orderlogs` VALUES ('27', '1612090026535817624', '10017', 'admin', '取消订单', '', '2016-12-11 13:09:26');

-- ----------------------------
-- Table structure for `ordermaster`
-- ----------------------------
DROP TABLE IF EXISTS `ordermaster`;
CREATE TABLE `ordermaster` (
  `orderId` bigint(20) NOT NULL,
  `orderNo` varchar(30) NOT NULL,
  `orderAmount` decimal(10,2) NOT NULL,
  `orderFavorable` decimal(10,2) NOT NULL,
  `orderDetailCount` int(11) NOT NULL,
  `storeId` int(11) NOT NULL,
  `storeName` varchar(32) NOT NULL DEFAULT '',
  `userId` int(11) NOT NULL,
  `contactName` varchar(30) NOT NULL,
  `contactPhone` varchar(30) NOT NULL,
  `postCode` int(6) NOT NULL,
  `areaCode` varchar(20) NOT NULL,
  `address` varchar(100) NOT NULL,
  `orderStatus` int(11) NOT NULL,
  `payType` int(11) NOT NULL,
  `payFee` decimal(10,2) NOT NULL,
  `payStatus` int(11) NOT NULL,
  `payDate` datetime NOT NULL,
  `remark` varchar(500) NOT NULL,
  `createDate` datetime NOT NULL,
  `updateDate` timestamp NOT NULL DEFAULT CURRENT_TIMESTAMP ON UPDATE CURRENT_TIMESTAMP,
  PRIMARY KEY (`orderId`)
) ENGINE=InnoDB DEFAULT CHARSET=utf8;

-- ----------------------------
-- Records of ordermaster
-- ----------------------------
INSERT INTO `ordermaster` VALUES ('1612090018410960807', '2545763666429514', '900.00', '0.00', '2', '17', 'F01', '10017', '闫武兵', '18633369676', '510145', '2199', '广东省 广州市 荔湾区 山市路北区高第花园3楼3门202', '1', '0', '0.00', '1', '1970-01-01 00:00:00', '呵呵', '2016-12-09 00:18:41', '2016-12-10 17:03:54');
INSERT INTO `ordermaster` VALUES ('1612090026017362481', '2464604448941232', '900.00', '0.00', '2', '17', 'F01', '10017', '卓宋值', '15759321905', '48400', '245', '山西省 晋城市 高平市 松城街道百丽花园6号楼106', '1', '0', '0.00', '1', '1970-01-01 00:00:00', '', '2016-12-09 00:26:02', '2016-12-11 13:09:13');
INSERT INTO `ordermaster` VALUES ('1612090026535817624', '2409062472387623', '900.00', '0.00', '2', '17', 'F01', '10017', '周卓', '15150001432', '300041', '24', '天津市 天津市 和平区 杨山路88号，江苏协鑫软控设备科技发展有限公司，物资部', '1', '0', '0.00', '1', '1970-01-01 00:00:00', '', '2016-12-09 00:26:54', '2016-12-11 13:09:25');
INSERT INTO `ordermaster` VALUES ('1612092337362780668', '25457636663', '450.00', '0.00', '1', '17', 'F01', '10017', '111', '11', '10001', '2', '北京 北京市 东城区 111', '1', '0', '0.00', '1', '1970-01-01 00:00:00', '', '2016-12-09 23:37:36', '2016-12-10 22:20:47');
INSERT INTO `ordermaster` VALUES ('1612100004236724301', '44444444', '900.00', '0.00', '2', '17', 'F01', '10017', '55555', '6666666', '45000', '245', '山西省 阳泉市 矿区 432432432', '7', '0', '0.00', '1', '1970-01-01 00:00:00', '', '2016-12-10 00:04:24', '2016-12-10 17:03:56');
INSERT INTO `ordermaster` VALUES ('1612100008204696367', '33', '900.00', '0.00', '2', '17', 'F01', '10017', '33', '33', '412000', '2048', '湖南省 株洲市 芦淞区 333', '7', '0', '0.00', '1', '1970-01-01 00:00:00', '', '2016-12-10 00:08:20', '2016-12-10 17:03:57');
INSERT INTO `ordermaster` VALUES ('1612100026541504420', '423432', '900.00', '0.00', '2', '17', 'F01', '10017', '432', '4324', '410002', '2048', '湖南省 长沙市 天心区 432423', '7', '0', '0.00', '1', '1970-01-01 00:00:00', '', '2016-12-10 00:26:54', '2016-12-10 17:03:58');
INSERT INTO `ordermaster` VALUES ('1612102200491945732', '454815645191651564', '1800.00', '0.00', '2', '18', 'F02', '10017', '余亮', '189238035656', '200001', '891', '上海 上海市 黄浦区 小小区某某栋902', '7', '0', '0.00', '1', '1970-01-01 00:00:00', '快点发货', '2016-12-10 22:00:49', '2016-12-10 22:20:08');

-- ----------------------------
-- Table structure for `product`
-- ----------------------------
DROP TABLE IF EXISTS `product`;
CREATE TABLE `product` (
  `productId` int(11) NOT NULL AUTO_INCREMENT,
  `productName` varchar(150) NOT NULL,
  `baseId` int(11) NOT NULL,
  `baseNo` varchar(30) NOT NULL DEFAULT '',
  `baseName` varchar(120) NOT NULL,
  `productNo` varchar(40) NOT NULL,
  `originalPrice` decimal(10,2) NOT NULL,
  `actualPrice` decimal(10,2) NOT NULL,
  `colorId` int(11) NOT NULL,
  `stockNum` int(11) NOT NULL COMMENT '总库存',
  `salesVolume` int(11) NOT NULL,
  `imgList` varchar(500) NOT NULL,
  `status` int(11) NOT NULL,
  `createDate` datetime NOT NULL,
  `updateDate` timestamp NOT NULL DEFAULT CURRENT_TIMESTAMP ON UPDATE CURRENT_TIMESTAMP,
  PRIMARY KEY (`productId`)
) ENGINE=InnoDB AUTO_INCREMENT=10102 DEFAULT CHARSET=utf8;

-- ----------------------------
-- Records of product
-- ----------------------------
INSERT INTO `product` VALUES ('10000', '女士休闲鞋-红色', '1', '7-29SPW1030', '女士休闲鞋1', '7-29SPW1030-001', '1000.00', '450.00', '1', '0', '0', '', '1', '2016-11-25 20:37:03', '2016-12-10 22:22:05');
INSERT INTO `product` VALUES ('10001', '女士休闲鞋-蓝色', '1', '7-29SPW1030', '女士休闲鞋1', '7-29SPW1030-003', '1000.00', '450.00', '3', '0', '0', '', '1', '2016-11-25 20:37:04', '2016-12-10 22:22:05');
INSERT INTO `product` VALUES ('10006', '女士休闲鞋-白色', '1', '7-29SPW1030', '女士休闲鞋1', '7-29SPW1030-002', '999.90', '450.00', '2', '0', '0', '', '1', '2016-12-06 21:54:30', '2016-12-10 22:22:05');
INSERT INTO `product` VALUES ('10008', '3432432-白色', '4', '111', '3432432', '111-002', '100.00', '99.00', '2', '0', '0', '', '1', '2016-12-06 22:01:04', '2016-12-10 19:17:54');
INSERT INTO `product` VALUES ('10009', '3432432-蓝色', '4', '111', '3432432', '111-003', '100.00', '99.00', '3', '0', '0', '', '1', '2016-12-06 22:01:04', '2016-12-10 19:17:54');
INSERT INTO `product` VALUES ('10010', '3432432-紫色', '4', '111', '3432432', '111-010', '100.01', '99.00', '2', '0', '0', '', '1', '2016-12-06 22:01:04', '2016-12-10 19:17:54');
INSERT INTO `product` VALUES ('10011', '3432432-红色', '4', '111', '3432432', '111-001', '100.00', '99.00', '1', '0', '0', '', '1', '2016-12-06 22:02:21', '2016-12-10 19:17:54');
INSERT INTO `product` VALUES ('10012', '小小宝宝-银色', '4', '111', '小小宝宝', '111-012', '100.00', '99.00', '12', '0', '0', '', '1', '2016-12-06 23:09:15', '2016-12-10 19:17:54');
INSERT INTO `product` VALUES ('10013', '小小宝宝-灰色', '4', '111', '小小宝宝', '111-013', '100.00', '99.00', '13', '0', '0', '', '1', '2016-12-06 23:09:15', '2016-12-10 19:17:54');
INSERT INTO `product` VALUES ('10014', '小小宝宝-蓝白色', '4', '111', '小小宝宝', '111-014', '100.00', '99.00', '14', '0', '0', '', '1', '2016-12-06 23:09:15', '2016-12-10 19:17:54');
INSERT INTO `product` VALUES ('10015', '小小宝宝-黑色', '4', '111', '小小宝宝', '111-015', '100.00', '99.00', '15', '0', '0', '', '1', '2016-12-06 23:09:15', '2016-12-10 19:17:54');
INSERT INTO `product` VALUES ('10016', '小小宝宝-橙色', '4', '111', '小小宝宝', '111-016', '100.00', '99.00', '16', '0', '0', '', '1', '2016-12-06 23:09:15', '2016-12-10 19:17:54');
INSERT INTO `product` VALUES ('10017', '小小宝宝-棕色', '4', '111', '小小宝宝', '111-017', '100.00', '99.00', '17', '0', '0', '', '1', '2016-12-06 23:09:15', '2016-12-10 21:51:01');
INSERT INTO `product` VALUES ('10018', '小小宝宝-卡其色', '4', '111', '小小宝宝', '111-018', '100.00', '99.00', '18', '0', '0', '', '1', '2016-12-06 23:09:15', '2016-12-10 21:51:01');
INSERT INTO `product` VALUES ('10019', '休闲鞋-红色', '2', '7-29SPW2210', '休闲鞋', '7-29SPW2210-001', '499.00', '300.00', '1', '0', '0', '', '1', '2016-12-06 23:24:23', '2016-12-10 22:22:02');
INSERT INTO `product` VALUES ('10020', '休闲鞋-紫色', '2', '7-29SPW2210', '休闲鞋', '7-29SPW2210-010', '499.00', '300.00', '10', '0', '0', '', '1', '2016-12-06 23:24:23', '2016-12-10 22:22:02');
INSERT INTO `product` VALUES ('10021', '休闲鞋-灰色', '2', '7-29SPW2210', '休闲鞋', '7-29SPW2210-013', '499.00', '300.00', '13', '0', '0', '', '1', '2016-12-06 23:24:23', '2016-12-10 22:22:02');
INSERT INTO `product` VALUES ('10022', '休闲鞋-蓝白色', '2', '7-29SPW2210', '休闲鞋', '7-29SPW2210-014', '499.00', '300.00', '14', '0', '0', '', '1', '2016-12-06 23:24:23', '2016-12-10 22:22:02');
INSERT INTO `product` VALUES ('10023', '休闲鞋-橙色', '2', '7-29SPW2210', '休闲鞋', '7-29SPW2210-016', '499.00', '300.00', '16', '0', '0', '', '1', '2016-12-06 23:24:23', '2016-12-10 22:22:02');
INSERT INTO `product` VALUES ('10024', '休闲鞋-棕色', '2', '7-29SPW2210', '休闲鞋', '7-29SPW2210-017', '499.00', '300.00', '17', '0', '0', '', '1', '2016-12-06 23:24:29', '2016-12-10 22:22:02');
INSERT INTO `product` VALUES ('10025', '小小宝宝-一宿', '4', '111', '小小宝宝', '111-1111', '100.00', '99.00', '2', '0', '0', '', '1', '2016-12-07 22:22:16', '2016-12-10 21:51:01');
INSERT INTO `product` VALUES ('10026', '小小宝宝-', '4', '111', '小小宝宝', '111-111', '100.00', '99.00', '1', '0', '0', '', '1', '2016-12-07 22:22:21', '2016-12-10 21:51:01');
INSERT INTO `product` VALUES ('10027', '7-25SPW1136-蓝色', '3', '7-25SPW1136', '7-25SPW1136', '7-25SPW1136-003', '15.00', '16.00', '3', '0', '0', '', '1', '2016-12-07 22:26:14', '2016-12-10 19:17:54');
INSERT INTO `product` VALUES ('10028', '小小宝宝-紫色', '4', '111', '小小宝宝', '111-010', '100.00', '99.00', '10', '0', '0', '', '1', '2016-12-10 19:39:11', '2016-12-10 21:51:01');
INSERT INTO `product` VALUES ('10029', '7-27SPM1082', '5', '7-27SPM1082', '7-27SPM1082', '7-27SPM1082DR2', '999.00', '250.00', '1', '0', '0', '', '0', '2016-12-10 22:08:10', '2016-12-10 22:15:34');
INSERT INTO `product` VALUES ('10030', '7-27SPM1082', '5', '7-27SPM1082', '7-27SPM1082', '7-27SPM1082DB4', '999.00', '250.00', '19', '0', '0', '', '0', '2016-12-10 22:13:29', '2016-12-10 22:16:02');
INSERT INTO `product` VALUES ('10031', '7-27SPM1082', '5', '7-27SPM1082', '7-27SPM1082', '7-27SPM108212C', '999.00', '250.00', '13', '0', '0', '', '0', '2016-12-10 22:17:19', '2016-12-10 22:17:19');
INSERT INTO `product` VALUES ('10032', '7-27SPM1082', '5', '7-27SPM1082', '7-27SPM1082', '7-27SPM108202H', '999.00', '250.00', '15', '0', '0', '', '0', '2016-12-10 22:24:22', '2016-12-10 22:24:22');
INSERT INTO `product` VALUES ('10033', '7-27SPM3044', '6', '7-27SPM3044', '7-27SPM3044', '7-27SPM3044LB2', '999.00', '250.00', '20', '0', '0', '', '0', '2016-12-11 12:32:32', '2016-12-11 12:32:31');
INSERT INTO `product` VALUES ('10034', '7-27SPM3044', '6', '7-27SPM3044', '7-27SPM3044', '7-27SPM3044LQ2', '999.00', '250.00', '21', '0', '0', '', '0', '2016-12-11 12:32:50', '2016-12-11 12:32:50');
INSERT INTO `product` VALUES ('10035', '7-27SPM3044', '6', '7-27SPM3044', '7-27SPM3044', '7-27SPM3044338', '999.00', '250.00', '16', '0', '0', '', '0', '2016-12-11 12:33:11', '2016-12-11 12:33:10');
INSERT INTO `product` VALUES ('10036', '7-27SPM1035', '7', '7-27SPM1035', '7-27SPM1035', '7-27SPM1035X96', '999.00', '250.00', '22', '0', '0', '', '0', '2016-12-11 12:34:32', '2016-12-11 12:34:32');
INSERT INTO `product` VALUES ('10037', '7-27SPM1035', '7', '7-27SPM1035', '7-27SPM1035', '7-27SPM1035286', '999.00', '250.00', '23', '0', '0', '', '0', '2016-12-11 12:34:50', '2016-12-11 12:34:50');
INSERT INTO `product` VALUES ('10038', '7-27SPM1035', '7', '7-27SPM1035', '7-27SPM1035', '7-27SPM1035SW4', '999.00', '250.00', '24', '0', '0', '', '0', '2016-12-11 12:35:04', '2016-12-11 12:35:04');
INSERT INTO `product` VALUES ('10039', '7-27SPM1046', '8', '7-27SPM1046', '7-27SPM1046', '7-27SPM1046121', '999.00', '250.00', '19', '0', '0', '', '0', '2016-12-11 12:36:06', '2016-12-11 12:36:05');
INSERT INTO `product` VALUES ('10040', '7-27SPM1046', '8', '7-27SPM1046', '7-27SPM1046', '7-27SPM1046Y80', '999.00', '250.00', '1', '0', '0', '', '0', '2016-12-11 12:36:16', '2016-12-11 12:36:16');
INSERT INTO `product` VALUES ('10041', '7-27SPM1077', '9', '7-27SPM1077', '7-27SPM1077', '7-27SPM1077DB4', '999.00', '250.00', '19', '0', '0', '', '0', '2016-12-11 12:36:55', '2016-12-11 12:36:55');
INSERT INTO `product` VALUES ('10042', '7-27SPM1077', '9', '7-27SPM1077', '7-27SPM1077', '7-27SPM107702H', '999.00', '250.00', '15', '0', '0', '', '0', '2016-12-11 12:37:08', '2016-12-11 12:37:08');
INSERT INTO `product` VALUES ('10043', '7-28SPM0103', '10', '7-28SPM0103', '7-28SPM0103', '7-28SPM010321G', '999.00', '250.00', '2', '0', '0', '', '0', '2016-12-11 12:37:36', '2016-12-11 12:37:36');
INSERT INTO `product` VALUES ('10044', '7-28SPM0103', '10', '7-28SPM0103', '7-28SPM0103', '7-28SPM0103DB4', '999.00', '250.00', '19', '0', '0', '', '0', '2016-12-11 12:38:10', '2016-12-11 12:38:09');
INSERT INTO `product` VALUES ('10045', '7-20SRM3415', '11', '7-20SRM3415', '7-20SRM3415', '7-20SRM3415003', '999.00', '250.00', '19', '0', '0', '', '0', '2016-12-11 12:41:25', '2016-12-11 12:41:24');
INSERT INTO `product` VALUES ('10046', '7-20SRM3415', '11', '7-20SRM3415', '7-20SRM3415', '7-20SRM3415024', '999.00', '250.00', '15', '0', '0', '', '0', '2016-12-11 12:41:38', '2016-12-11 12:41:38');
INSERT INTO `product` VALUES ('10047', '7-20SRM3415', '11', '7-20SRM3415', '7-20SRM3415', '7-20SRM3415001', '999.00', '250.00', '2', '0', '0', '', '0', '2016-12-11 12:41:51', '2016-12-11 12:41:50');
INSERT INTO `product` VALUES ('10048', '7-20SRM3415', '11', '7-20SRM3415', '7-20SRM3415', '7-20SRM3415047', '999.00', '250.00', '1', '0', '0', '', '0', '2016-12-11 12:41:59', '2016-12-11 12:41:58');
INSERT INTO `product` VALUES ('10049', '7-29SPM2015', '12', '7-29SPM2015', '7-29SPM2015', '7-29SPM2015DR2', '999.00', '250.00', '1', '0', '0', '', '0', '2016-12-11 12:42:58', '2016-12-11 12:42:58');
INSERT INTO `product` VALUES ('10050', '7-29SPM2015', '12', '7-29SPM2015', '7-29SPM2015', '7-29SPM2015DB4', '999.00', '250.00', '31', '0', '0', '', '0', '2016-12-11 12:43:15', '2016-12-11 12:43:15');
INSERT INTO `product` VALUES ('10051', '7-29SPM2015', '12', '7-29SPM2015', '7-29SPM2015', '7-29SPM2015LB2', '999.00', '250.00', '33', '0', '0', '', '0', '2016-12-11 12:43:44', '2016-12-11 12:43:44');
INSERT INTO `product` VALUES ('10052', '7-29SPM0038', '13', '7-29SPM0038', '7-29SPM0038', '7-29SPM0038NN1', '999.00', '250.00', '32', '0', '0', '', '0', '2016-12-11 12:44:27', '2016-12-11 12:44:27');
INSERT INTO `product` VALUES ('10053', '7-27SPM1017', '14', '7-27SPM1017', '7-27SPM1017', '7-27SPM101712C', '999.00', '250.00', '13', '0', '0', '', '0', '2016-12-11 12:45:12', '2016-12-11 12:45:12');
INSERT INTO `product` VALUES ('10054', '7-27SPM1017', '14', '7-27SPM1017', '7-27SPM1017', '7-27SPM1017DB4', '999.00', '250.00', '19', '0', '0', '', '0', '2016-12-11 12:45:25', '2016-12-11 12:45:24');
INSERT INTO `product` VALUES ('10055', '7-27SPM1017', '14', '7-27SPM1017', '7-27SPM1017', '7-27SPM1017DR2', '999.00', '250.00', '1', '0', '0', '', '0', '2016-12-11 12:45:33', '2016-12-11 12:45:33');
INSERT INTO `product` VALUES ('10056', '7-25SPM4018', '15', '7-25SPM4018', '7-25SPM4018', '7-25SPM401812C', '999.00', '250.00', '13', '0', '0', '', '0', '2016-12-11 12:46:04', '2016-12-11 12:46:04');
INSERT INTO `product` VALUES ('10057', '7-25SPM4018', '15', '7-25SPM4018', '7-25SPM4018', '7-25SPM401802H', '999.00', '250.00', '15', '0', '0', '', '0', '2016-12-11 12:46:16', '2016-12-11 12:46:16');
INSERT INTO `product` VALUES ('10058', '7-25SPM4018', '15', '7-25SPM4018', '7-25SPM4018', '7-25SPM4018DB4', '999.00', '250.00', '3', '0', '0', '', '0', '2016-12-11 12:46:35', '2016-12-11 12:46:34');
INSERT INTO `product` VALUES ('10059', '7-30SPM0030', '16', '7-30SPM0030', '7-30SPM0030', '7-30SPM0030DB4', '999.00', '250.00', '26', '0', '0', '', '0', '2016-12-11 12:47:27', '2016-12-11 12:47:26');
INSERT INTO `product` VALUES ('10060', '7-30SPM0030', '16', '7-30SPM0030', '7-30SPM0030', '7-30SPM0030RR1', '999.00', '250.00', '25', '0', '0', '', '0', '2016-12-11 12:47:44', '2016-12-11 12:47:44');
INSERT INTO `product` VALUES ('10061', '7-30SPM0030', '16', '7-30SPM0030', '7-30SPM0030', '7-30SPM0030CJ2', '999.00', '250.00', '27', '0', '0', '', '0', '2016-12-11 12:47:57', '2016-12-11 12:47:57');
INSERT INTO `product` VALUES ('10062', '7-29SPM0036', '17', '7-29SPM0036', '7-29SPM0036', '7-29SPM003602H', '999.00', '250.00', '15', '0', '0', '', '0', '2016-12-11 12:48:42', '2016-12-11 12:48:41');
INSERT INTO `product` VALUES ('10063', '7-29SPM0036', '17', '7-29SPM0036', '7-29SPM0036', '7-29SPM0036X96', '999.00', '250.00', '2', '0', '0', '', '0', '2016-12-11 12:48:53', '2016-12-11 12:48:52');
INSERT INTO `product` VALUES ('10064', '7-26SPM0012', '18', '7-26SPM0012', '7-26SPM0012', '7-26SPM0012080', '999.00', '250.00', '2', '0', '0', '', '0', '2016-12-11 12:49:47', '2016-12-11 12:49:46');
INSERT INTO `product` VALUES ('10065', '7-26SPM0012', '18', '7-26SPM0012', '7-26SPM0012', '7-26SPM00123A4', '999.00', '250.00', '15', '0', '0', '', '0', '2016-12-11 12:50:08', '2016-12-11 12:50:07');
INSERT INTO `product` VALUES ('10066', '7-26SPM0012', '18', '7-26SPM0012', '7-26SPM0012', '7-26SPM0012250', '999.00', '250.00', '19', '0', '0', '', '0', '2016-12-11 12:50:24', '2016-12-11 12:50:24');
INSERT INTO `product` VALUES ('10067', '7-29SPM0035', '19', '7-29SPM0035', '7-29SPM0035', '7-29SPM0035LB2', '999.00', '250.00', '3', '0', '0', '', '0', '2016-12-11 12:51:14', '2016-12-11 12:51:14');
INSERT INTO `product` VALUES ('10068', '7-27SPM3003', '20', '7-27SPM3003', '7-27SPM3003', '7-27SPM3003DB4', '999.00', '250.00', '19', '0', '0', '', '0', '2016-12-11 12:51:50', '2016-12-11 12:51:50');
INSERT INTO `product` VALUES ('10069', '7-27SPW0150', '21', '7-27SPW0150', '7-27SPW0150', '7-27SPW015021G', '999.00', '250.00', '2', '0', '0', '', '0', '2016-12-11 12:53:00', '2016-12-11 12:52:59');
INSERT INTO `product` VALUES ('10070', '7-27SPW0150', '21', '7-27SPW0150', '7-27SPW0150', '7-27SPW015012C', '999.00', '250.00', '13', '0', '0', '', '0', '2016-12-11 12:53:09', '2016-12-11 12:53:09');
INSERT INTO `product` VALUES ('10071', '7-27SPW0150', '21', '7-27SPW0150', '7-27SPW0150', '7-27SPW0150DB4', '999.00', '250.00', '3', '0', '0', '', '0', '2016-12-11 12:53:33', '2016-12-11 12:53:33');
INSERT INTO `product` VALUES ('10072', '7-27SPW0150', '21', '7-27SPW0150', '7-27SPW0150', '7-27SPW015002H', '999.00', '250.00', '15', '0', '0', '', '0', '2016-12-11 12:53:46', '2016-12-11 12:53:46');
INSERT INTO `product` VALUES ('10073', '7-27SPW0150', '21', '7-27SPW0150', '7-27SPW0150', '7-27SPW0150DR2', '999.00', '250.00', '1', '0', '0', '', '0', '2016-12-11 12:54:10', '2016-12-11 12:54:10');
INSERT INTO `product` VALUES ('10074', '7-29SPW1054', '22', '7-29SPW1054', '7-29SPW1054', '7-29SPW105421G', '999.00', '250.00', '2', '0', '0', '', '0', '2016-12-11 12:55:00', '2016-12-11 12:55:00');
INSERT INTO `product` VALUES ('10075', '7-29SPW1054', '22', '7-29SPW1054', '7-29SPW1054', '7-29SPW1054DR2', '999.00', '250.00', '1', '0', '0', '', '0', '2016-12-11 12:55:09', '2016-12-11 12:55:08');
INSERT INTO `product` VALUES ('10076', '7-29SPW1054', '22', '7-29SPW1054', '7-29SPW1054', '7-29SPW105402H', '999.00', '250.00', '15', '0', '0', '', '0', '2016-12-11 12:55:20', '2016-12-11 12:55:19');
INSERT INTO `product` VALUES ('10077', '7-29SPW1054', '22', '7-29SPW1054', '7-29SPW1054', '7-29SPW1054DB4', '999.00', '250.00', '3', '0', '0', '', '0', '2016-12-11 12:55:37', '2016-12-11 12:55:37');
INSERT INTO `product` VALUES ('10078', '7-29SPW1027', '23', '7-29SPW1027', '7-29SPW1027', '7-29SPW1027GG2', '999.00', '250.00', '28', '0', '0', '', '1', '2016-12-11 12:56:19', '2017-03-06 23:31:29');
INSERT INTO `product` VALUES ('10079', '7-29SPW1010', '24', '7-29SPW1010', '7-29SPW1010', '7-29SPW1010NN1', '999.00', '250.00', '35', '0', '0', '', '0', '2016-12-11 12:57:09', '2016-12-11 12:57:08');
INSERT INTO `product` VALUES ('10080', '7-29SPW1010', '24', '7-29SPW1010', '7-29SPW1010', '7-29SPW1010PP2', '999.00', '250.00', '30', '0', '0', '', '0', '2016-12-11 12:57:25', '2016-12-11 12:57:24');
INSERT INTO `product` VALUES ('10081', '7-29SPW1010-', '24', '7-29SPW1010', '7-29SPW1010', '7-29SPW1010-', '999.00', '250.00', '1', '0', '0', '', '1', '2016-12-11 12:57:30', '2016-12-11 12:57:37');
INSERT INTO `product` VALUES ('10082', '7-28SPW1053', '25', '7-28SPW1053', '7-28SPW1053', '7-28SPW105321G', '999.00', '250.00', '2', '0', '0', '', '0', '2016-12-11 12:58:15', '2016-12-11 12:58:15');
INSERT INTO `product` VALUES ('10083', '7-28SPW1053', '25', '7-28SPW1053', '7-28SPW1053', '7-28SPW105302H', '999.00', '250.00', '15', '0', '0', '', '0', '2016-12-11 12:58:25', '2016-12-11 12:58:25');
INSERT INTO `product` VALUES ('10084', '7-28SPW1053', '25', '7-28SPW1053', '7-28SPW1053', '7-28SPW1053DB4', '999.00', '250.00', '3', '0', '0', '', '0', '2016-12-11 12:58:37', '2016-12-11 12:58:36');
INSERT INTO `product` VALUES ('10085', '7-26SPW1021', '26', '7-26SPW1021', '7-26SPW1021', '7-26SPW102121G', '999.00', '250.00', '2', '0', '0', '', '0', '2016-12-11 12:59:07', '2016-12-11 12:59:07');
INSERT INTO `product` VALUES ('10086', '7-26SPW1021', '26', '7-26SPW1021', '7-26SPW1021', '7-26SPW102102H', '999.00', '250.00', '15', '0', '0', '', '0', '2016-12-11 12:59:19', '2016-12-11 12:59:18');
INSERT INTO `product` VALUES ('10087', '7-26SPW1021', '26', '7-26SPW1021', '7-26SPW1021', '7-26SPW1021DB4', '999.00', '250.00', '19', '0', '0', '', '0', '2016-12-11 12:59:33', '2016-12-11 12:59:33');
INSERT INTO `product` VALUES ('10088', '7-29SPW1024', '27', '7-29SPW1024', '7-29SPW1024', '7-29SPW1024X96', '999.00', '250.00', '19', '0', '0', '', '0', '2016-12-11 13:00:10', '2016-12-11 13:00:09');
INSERT INTO `product` VALUES ('10089', '7-29SPW1013', '28', '7-29SPW1013', '7-29SPW1013', '7-29SPW1013X96', '999.00', '250.00', '19', '0', '0', '', '0', '2016-12-11 13:00:37', '2016-12-11 13:00:37');
INSERT INTO `product` VALUES ('10090', '7-30SPW0027', '29', '7-30SPW0027', '7-30SPW0027', '7-30SPW002721G', '999.00', '250.00', '2', '0', '0', '', '0', '2016-12-11 13:01:39', '2016-12-11 13:01:39');
INSERT INTO `product` VALUES ('10091', '7-31SPW0035', '30', '7-31SPW0035', '7-31SPW0035', '7-31SPW0035001', '999.00', '250.00', '2', '0', '0', '', '0', '2016-12-11 13:02:26', '2016-12-11 13:02:25');
INSERT INTO `product` VALUES ('10092', '7-31SPW0035', '30', '7-31SPW0035', '7-31SPW0035', '7-31SPW0035003', '999.00', '250.00', '19', '0', '0', '', '0', '2016-12-11 13:02:39', '2016-12-11 13:02:39');
INSERT INTO `product` VALUES ('10093', '7-27SPW0108', '31', '7-27SPW0108', '7-27SPW0108', '7-27SPW010813C', '999.00', '250.00', '16', '0', '0', '', '0', '2016-12-11 13:03:23', '2016-12-11 13:03:23');
INSERT INTO `product` VALUES ('10094', '7-27SPW0108', '31', '7-27SPW0108', '7-27SPW0108', '7-27SPW010811C', '999.00', '250.00', '3', '0', '0', '', '0', '2016-12-11 13:03:39', '2016-12-11 13:03:38');
INSERT INTO `product` VALUES ('10095', '7-27SPW3000', '32', '7-27SPW3000', '7-27SPW3000', '7-27SPW3000DB4', '999.00', '250.00', '19', '0', '0', '', '0', '2016-12-11 13:04:12', '2016-12-11 13:04:11');
INSERT INTO `product` VALUES ('10096', '7-29SPW1023', '33', '7-29SPW1023', '7-29SPW1023', '7-29SPW1023GG2', '999.00', '250.00', '21', '0', '0', '', '0', '2016-12-11 13:04:48', '2016-12-11 13:04:48');
INSERT INTO `product` VALUES ('10097', '7-29SPW1023', '33', '7-29SPW1023', '7-29SPW1023', '7-29SPW102311C', '999.00', '250.00', '3', '0', '0', '', '0', '2016-12-11 13:05:00', '2016-12-11 13:04:59');
INSERT INTO `product` VALUES ('10098', '7-31SPW0034', '34', '7-31SPW0034', '7-31SPW0034', '7-31SPW0034125', '999.00', '250.00', '3', '0', '0', '', '0', '2016-12-11 13:07:44', '2016-12-11 13:07:44');
INSERT INTO `product` VALUES ('10099', '7-31SPW0034', '34', '7-31SPW0034', '7-31SPW0034', '7-31SPW0034024', '999.00', '250.00', '15', '0', '0', '', '0', '2016-12-11 13:07:54', '2016-12-11 13:07:53');
INSERT INTO `product` VALUES ('10100', '7-31SPW0034', '34', '7-31SPW0034', '7-31SPW0034', '7-31SPW00342K9', '999.00', '250.00', '16', '0', '0', '', '0', '2016-12-11 13:08:07', '2016-12-11 13:08:07');
INSERT INTO `product` VALUES ('10101', '7-31SPW0034', '34', '7-31SPW0034', '7-31SPW0034', '7-31SPW0034334', '999.00', '250.00', '44', '0', '0', '', '0', '2016-12-11 13:08:52', '2016-12-11 13:08:51');

-- ----------------------------
-- Table structure for `productbase`
-- ----------------------------
DROP TABLE IF EXISTS `productbase`;
CREATE TABLE `productbase` (
  `baseId` int(11) NOT NULL AUTO_INCREMENT,
  `baseName` varchar(120) NOT NULL,
  `originalPrice` decimal(10,2) NOT NULL,
  `actualPrice` decimal(10,2) NOT NULL,
  `baseNo` varchar(32) NOT NULL,
  `imgList` varchar(600) NOT NULL,
  `intro` varchar(600) NOT NULL,
  `categoryId` int(11) NOT NULL,
  `status` int(11) NOT NULL,
  `createUserId` int(11) NOT NULL,
  `createDate` datetime NOT NULL,
  `updateDate` timestamp NOT NULL DEFAULT CURRENT_TIMESTAMP ON UPDATE CURRENT_TIMESTAMP,
  PRIMARY KEY (`baseId`)
) ENGINE=InnoDB AUTO_INCREMENT=35 DEFAULT CHARSET=utf8;

-- ----------------------------
-- Records of productbase
-- ----------------------------
INSERT INTO `productbase` VALUES ('1', '女士休闲鞋1', '999.90', '450.00', '7-29SPW1030', '', '', '2', '1', '10006', '2016-11-25 20:33:05', '2016-12-10 22:22:05');
INSERT INTO `productbase` VALUES ('2', '休闲鞋', '499.00', '300.00', '7-29SPW2210', '', '', '1', '1', '10007', '2016-12-05 20:36:58', '2016-12-10 22:22:02');
INSERT INTO `productbase` VALUES ('3', '7-25SPW1136', '15.00', '16.00', '7-25SPW1136', '', '', '2', '1', '10007', '2016-12-05 20:41:45', '2016-12-10 22:21:58');
INSERT INTO `productbase` VALUES ('4', '小小宝宝', '100.00', '99.00', '111', '', '', '2', '1', '10007', '2016-12-05 23:34:40', '2016-12-10 21:51:01');
INSERT INTO `productbase` VALUES ('5', '7-27SPM1082', '999.00', '250.00', '7-27SPM1082', '', '', '1', '0', '10017', '2016-12-10 22:07:15', '2016-12-10 22:07:14');
INSERT INTO `productbase` VALUES ('6', '7-27SPM3044', '999.00', '250.00', '7-27SPM3044', '', '', '1', '0', '10017', '2016-12-11 12:31:45', '2016-12-11 12:31:45');
INSERT INTO `productbase` VALUES ('7', '7-27SPM1035', '999.00', '250.00', '7-27SPM1035', '', '', '1', '0', '10017', '2016-12-11 12:34:02', '2016-12-11 12:34:02');
INSERT INTO `productbase` VALUES ('8', '7-27SPM1046', '999.00', '250.00', '7-27SPM1046', '', '', '1', '0', '10017', '2016-12-11 12:35:36', '2016-12-11 12:35:35');
INSERT INTO `productbase` VALUES ('9', '7-27SPM1077', '999.00', '250.00', '7-27SPM1077', '', '', '1', '0', '10017', '2016-12-11 12:36:42', '2016-12-11 12:36:41');
INSERT INTO `productbase` VALUES ('10', '7-28SPM0103', '999.00', '250.00', '7-28SPM0103', '', '', '1', '0', '10017', '2016-12-11 12:37:24', '2016-12-11 12:37:24');
INSERT INTO `productbase` VALUES ('11', '7-20SRM3415', '999.00', '250.00', '7-20SRM3415', '', '', '1', '0', '10017', '2016-12-11 12:40:53', '2016-12-11 12:40:53');
INSERT INTO `productbase` VALUES ('12', '7-29SPM2015', '999.00', '250.00', '7-29SPM2015', '', '', '1', '0', '10017', '2016-12-11 12:42:37', '2016-12-11 12:42:36');
INSERT INTO `productbase` VALUES ('13', '7-29SPM0038', '999.00', '250.00', '7-29SPM0038', '', '', '1', '0', '10017', '2016-12-11 12:44:09', '2016-12-11 12:44:08');
INSERT INTO `productbase` VALUES ('14', '7-27SPM1017', '999.00', '250.00', '7-27SPM1017', '', '', '1', '0', '10017', '2016-12-11 12:44:44', '2016-12-11 12:44:44');
INSERT INTO `productbase` VALUES ('15', '7-25SPM4018', '999.00', '250.00', '7-25SPM4018', '', '', '1', '0', '10017', '2016-12-11 12:45:51', '2016-12-11 12:45:50');
INSERT INTO `productbase` VALUES ('16', '7-30SPM0030', '999.00', '250.00', '7-30SPM0030', '', '', '1', '0', '10017', '2016-12-11 12:46:50', '2016-12-11 12:46:50');
INSERT INTO `productbase` VALUES ('17', '7-29SPM0036', '999.00', '250.00', '7-29SPM0036', '', '', '1', '0', '10017', '2016-12-11 12:48:17', '2016-12-11 12:48:16');
INSERT INTO `productbase` VALUES ('18', '7-26SPM0012', '999.00', '250.00', '7-26SPM0012', '', '', '1', '0', '10017', '2016-12-11 12:49:19', '2016-12-11 12:49:18');
INSERT INTO `productbase` VALUES ('19', '7-29SPM0035', '999.00', '250.00', '7-29SPM0035', '', '', '1', '0', '10017', '2016-12-11 12:50:51', '2016-12-11 12:50:50');
INSERT INTO `productbase` VALUES ('20', '7-27SPM3003', '999.00', '250.00', '7-27SPM3003', '', '', '1', '0', '10017', '2016-12-11 12:51:33', '2016-12-11 12:51:33');
INSERT INTO `productbase` VALUES ('21', '7-27SPW0150', '999.00', '250.00', '7-27SPW0150', '', '', '2', '0', '10017', '2016-12-11 12:52:46', '2016-12-11 12:52:46');
INSERT INTO `productbase` VALUES ('22', '7-29SPW1054', '999.00', '250.00', '7-29SPW1054', '', '', '2', '0', '10017', '2016-12-11 12:54:51', '2016-12-11 12:54:50');
INSERT INTO `productbase` VALUES ('23', '7-29SPW1027', '999.00', '250.00', '7-29SPW1027', '', '', '2', '1', '10017', '2016-12-11 12:55:56', '2017-03-06 23:31:29');
INSERT INTO `productbase` VALUES ('24', '7-29SPW1010', '999.00', '250.00', '7-29SPW1010', '', '', '2', '0', '10017', '2016-12-11 12:56:41', '2016-12-11 12:56:40');
INSERT INTO `productbase` VALUES ('25', '7-28SPW1053', '999.00', '250.00', '7-28SPW1053', '', '', '2', '0', '10017', '2016-12-11 12:58:05', '2016-12-11 12:58:04');
INSERT INTO `productbase` VALUES ('26', '7-26SPW1021', '999.00', '250.00', '7-26SPW1021', '', '', '2', '0', '10017', '2016-12-11 12:58:53', '2016-12-11 12:58:52');
INSERT INTO `productbase` VALUES ('27', '7-29SPW1024', '999.00', '250.00', '7-29SPW1024', '', '', '2', '0', '10017', '2016-12-11 12:59:53', '2016-12-11 12:59:52');
INSERT INTO `productbase` VALUES ('28', '7-29SPW1013', '999.00', '250.00', '7-29SPW1013', '', '', '2', '0', '10017', '2016-12-11 13:00:25', '2016-12-11 13:00:24');
INSERT INTO `productbase` VALUES ('29', '7-30SPW0027', '999.00', '250.00', '7-30SPW0027', '', '', '2', '0', '10017', '2016-12-11 13:01:25', '2016-12-11 13:01:24');
INSERT INTO `productbase` VALUES ('30', '7-31SPW0035', '999.00', '250.00', '7-31SPW0035', '', '', '2', '0', '10017', '2016-12-11 13:01:56', '2016-12-11 13:01:55');
INSERT INTO `productbase` VALUES ('31', '7-27SPW0108', '999.00', '250.00', '7-27SPW0108', '', '', '2', '0', '10017', '2016-12-11 13:03:00', '2016-12-11 13:03:00');
INSERT INTO `productbase` VALUES ('32', '7-27SPW3000', '999.00', '250.00', '7-27SPW3000', '', '', '2', '0', '10017', '2016-12-11 13:04:00', '2016-12-11 13:04:00');
INSERT INTO `productbase` VALUES ('33', '7-29SPW1023', '999.00', '250.00', '7-29SPW1023', '', '', '2', '0', '10017', '2016-12-11 13:04:26', '2016-12-11 13:04:25');
INSERT INTO `productbase` VALUES ('34', '7-31SPW0034', '999.00', '250.00', '7-31SPW0034', '', '', '2', '0', '10017', '2016-12-11 13:05:17', '2016-12-11 13:05:16');

-- ----------------------------
-- Table structure for `productskus`
-- ----------------------------
DROP TABLE IF EXISTS `productskus`;
CREATE TABLE `productskus` (
  `psId` int(11) NOT NULL AUTO_INCREMENT,
  `skuId` int(11) NOT NULL,
  `baseId` int(11) NOT NULL,
  `productId` int(11) NOT NULL,
  `price` decimal(6,2) NOT NULL,
  `status` int(11) NOT NULL,
  `updateDate` timestamp NOT NULL DEFAULT CURRENT_TIMESTAMP ON UPDATE CURRENT_TIMESTAMP,
  PRIMARY KEY (`psId`),
  UNIQUE KEY `unique_product_sku` (`productId`,`skuId`) USING BTREE
) ENGINE=MyISAM AUTO_INCREMENT=2 DEFAULT CHARSET=utf8;

-- ----------------------------
-- Records of productskus
-- ----------------------------
INSERT INTO `productskus` VALUES ('1', '1', '1', '1', '299.00', '2', '2017-03-03 10:14:11');

-- ----------------------------
-- Table structure for `productstock`
-- ----------------------------
DROP TABLE IF EXISTS `productstock`;
CREATE TABLE `productstock` (
  `stockId` int(11) NOT NULL AUTO_INCREMENT,
  `baseId` int(11) NOT NULL,
  `productId` int(11) NOT NULL,
  `skuId` int(11) NOT NULL,
  `skuName` varchar(32) NOT NULL,
  `stockNum` int(11) NOT NULL,
  `updateDate` timestamp NOT NULL DEFAULT CURRENT_TIMESTAMP ON UPDATE CURRENT_TIMESTAMP,
  PRIMARY KEY (`stockId`)
) ENGINE=InnoDB AUTO_INCREMENT=508 DEFAULT CHARSET=utf8;

-- ----------------------------
-- Records of productstock
-- ----------------------------
INSERT INTO `productstock` VALUES ('1', '1', '10000', '4', '37码', '88', '2016-12-10 20:15:25');
INSERT INTO `productstock` VALUES ('2', '1', '10000', '5', '38码', '88', '2016-11-25 23:23:17');
INSERT INTO `productstock` VALUES ('3', '1', '10000', '6', '39码', '99', '2016-12-10 20:10:58');
INSERT INTO `productstock` VALUES ('4', '1', '10001', '4', '37码', '66', '2016-11-25 23:23:19');
INSERT INTO `productstock` VALUES ('5', '1', '10001', '5', '38码', '55', '2016-11-25 23:23:20');
INSERT INTO `productstock` VALUES ('6', '1', '10001', '6', '39码', '44', '2016-11-25 23:23:21');
INSERT INTO `productstock` VALUES ('7', '1', '10001', '7', '41.5码', '33', '2016-11-25 23:23:23');
INSERT INTO `productstock` VALUES ('8', '1', '10001', '8', '42', '0', '2016-12-10 19:54:38');
INSERT INTO `productstock` VALUES ('9', '1', '10001', '9', '43', '0', '2016-12-10 19:54:46');
INSERT INTO `productstock` VALUES ('10', '1', '10001', '11', '43.5', '0', '2016-12-10 19:54:46');
INSERT INTO `productstock` VALUES ('11', '4', '10017', '6', '39', '2', '2016-12-10 20:11:33');
INSERT INTO `productstock` VALUES ('12', '4', '10017', '7', '41.5', '3', '2016-12-10 20:11:37');
INSERT INTO `productstock` VALUES ('13', '4', '10017', '8', '42', '4', '2016-12-10 20:11:40');
INSERT INTO `productstock` VALUES ('14', '4', '10017', '9', '43', '5', '2016-12-10 20:11:44');
INSERT INTO `productstock` VALUES ('15', '1', '10000', '7', '41.5', '55', '2016-12-10 20:11:13');
INSERT INTO `productstock` VALUES ('16', '1', '10000', '8', '42', '32', '2016-12-10 20:11:17');
INSERT INTO `productstock` VALUES ('17', '1', '10000', '11', '43.5', '8', '2016-12-10 20:11:21');
INSERT INTO `productstock` VALUES ('18', '4', '10017', '5', '38', '6', '2016-12-10 20:11:47');
INSERT INTO `productstock` VALUES ('19', '4', '10017', '4', '37', '50', '2016-12-10 20:12:02');
INSERT INTO `productstock` VALUES ('20', '4', '10017', '11', '43.5', '57', '2016-12-10 20:12:07');
INSERT INTO `productstock` VALUES ('21', '1', '10000', '9', '43', '7', '2016-12-10 20:15:52');
INSERT INTO `productstock` VALUES ('22', '2', '10020', '7', '41.5', '4', '2016-12-10 21:52:09');
INSERT INTO `productstock` VALUES ('23', '2', '10020', '8', '42', '3', '2016-12-10 21:52:05');
INSERT INTO `productstock` VALUES ('24', '2', '10020', '9', '43', '6', '2016-12-10 21:52:14');
INSERT INTO `productstock` VALUES ('25', '2', '10019', '6', '39', '78', '2016-12-10 21:51:26');
INSERT INTO `productstock` VALUES ('26', '2', '10019', '8', '42', '128', '2016-12-10 21:51:31');
INSERT INTO `productstock` VALUES ('27', '2', '10021', '5', '38', '34', '2016-12-10 21:51:45');
INSERT INTO `productstock` VALUES ('28', '2', '10021', '7', '41.5', '41', '2016-12-10 21:51:48');
INSERT INTO `productstock` VALUES ('29', '2', '10021', '9', '43', '13', '2016-12-10 21:51:52');
INSERT INTO `productstock` VALUES ('30', '2', '10021', '11', '43.5', '95', '2016-12-10 21:51:56');
INSERT INTO `productstock` VALUES ('31', '2', '10022', '5', '38', '4', '2016-12-10 21:52:28');
INSERT INTO `productstock` VALUES ('32', '2', '10022', '6', '39', '13', '2016-12-10 21:52:32');
INSERT INTO `productstock` VALUES ('33', '2', '10022', '7', '41.5', '652', '2016-12-10 21:52:36');
INSERT INTO `productstock` VALUES ('34', '5', '10029', '7', '41.5', '0', '2016-12-11 13:52:50');
INSERT INTO `productstock` VALUES ('35', '5', '10029', '8', '42', '0', '2016-12-11 13:52:54');
INSERT INTO `productstock` VALUES ('36', '5', '10029', '9', '43', '0', '2016-12-10 22:23:38');
INSERT INTO `productstock` VALUES ('37', '5', '10029', '11', '43.5', '0', '2016-12-10 22:23:38');
INSERT INTO `productstock` VALUES ('38', '34', '10098', '4', '37', '10', '2016-12-11 14:01:48');
INSERT INTO `productstock` VALUES ('39', '34', '10098', '5', '38', '5', '2016-12-11 14:01:53');
INSERT INTO `productstock` VALUES ('40', '34', '10098', '6', '39', '5', '2016-12-11 14:01:57');
INSERT INTO `productstock` VALUES ('41', '34', '10098', '36', '35.5', '5', '2016-12-11 14:02:01');
INSERT INTO `productstock` VALUES ('42', '34', '10098', '37', '36', '10', '2016-12-11 14:02:04');
INSERT INTO `productstock` VALUES ('43', '34', '10098', '38', '37.5', '10', '2016-12-11 14:02:08');
INSERT INTO `productstock` VALUES ('44', '34', '10099', '4', '37', '10', '2016-12-11 14:02:17');
INSERT INTO `productstock` VALUES ('45', '34', '10099', '5', '38', '5', '2016-12-11 14:02:21');
INSERT INTO `productstock` VALUES ('46', '34', '10099', '6', '39', '5', '2016-12-11 14:02:25');
INSERT INTO `productstock` VALUES ('47', '34', '10099', '36', '35.5', '5', '2016-12-11 14:02:30');
INSERT INTO `productstock` VALUES ('48', '34', '10099', '37', '36', '10', '2016-12-11 14:02:34');
INSERT INTO `productstock` VALUES ('49', '34', '10099', '38', '37.5', '10', '2016-12-11 14:02:39');
INSERT INTO `productstock` VALUES ('50', '34', '10100', '4', '37', '10', '2016-12-11 14:03:30');
INSERT INTO `productstock` VALUES ('51', '34', '10100', '5', '38', '5', '2016-12-11 14:02:56');
INSERT INTO `productstock` VALUES ('52', '34', '10100', '6', '39', '5', '2016-12-11 14:02:59');
INSERT INTO `productstock` VALUES ('53', '34', '10100', '36', '35.5', '5', '2016-12-11 14:03:04');
INSERT INTO `productstock` VALUES ('54', '34', '10100', '37', '36', '10', '2016-12-11 14:03:08');
INSERT INTO `productstock` VALUES ('55', '34', '10100', '38', '37.5', '10', '2016-12-11 14:03:13');
INSERT INTO `productstock` VALUES ('56', '34', '10101', '4', '37', '10', '2016-12-11 14:03:38');
INSERT INTO `productstock` VALUES ('57', '34', '10101', '5', '38', '5', '2016-12-11 14:03:42');
INSERT INTO `productstock` VALUES ('58', '34', '10101', '6', '39', '5', '2016-12-11 14:03:45');
INSERT INTO `productstock` VALUES ('59', '34', '10101', '36', '35.5', '5', '2016-12-11 14:03:50');
INSERT INTO `productstock` VALUES ('60', '34', '10101', '37', '36', '10', '2016-12-11 14:03:54');
INSERT INTO `productstock` VALUES ('61', '34', '10101', '38', '37.5', '10', '2016-12-11 14:03:58');
INSERT INTO `productstock` VALUES ('62', '33', '10096', '4', '37', '10', '2016-12-11 14:42:41');
INSERT INTO `productstock` VALUES ('63', '33', '10096', '5', '38', '5', '2016-12-11 14:42:49');
INSERT INTO `productstock` VALUES ('64', '33', '10096', '6', '39', '5', '2016-12-11 14:42:54');
INSERT INTO `productstock` VALUES ('65', '33', '10096', '36', '35.5', '5', '2016-12-11 14:42:58');
INSERT INTO `productstock` VALUES ('66', '33', '10096', '37', '36', '10', '2016-12-11 14:43:05');
INSERT INTO `productstock` VALUES ('67', '33', '10096', '38', '37.5', '10', '2016-12-11 14:43:10');
INSERT INTO `productstock` VALUES ('68', '33', '10097', '4', '37', '10', '2016-12-11 14:43:26');
INSERT INTO `productstock` VALUES ('69', '33', '10097', '5', '38', '5', '2016-12-11 14:43:32');
INSERT INTO `productstock` VALUES ('70', '33', '10097', '6', '39', '5', '2016-12-11 14:43:37');
INSERT INTO `productstock` VALUES ('71', '33', '10097', '36', '35.5', '5', '2016-12-11 14:43:43');
INSERT INTO `productstock` VALUES ('72', '33', '10097', '37', '36', '10', '2016-12-11 14:43:48');
INSERT INTO `productstock` VALUES ('73', '33', '10097', '38', '37.5', '10', '2016-12-11 14:43:56');
INSERT INTO `productstock` VALUES ('74', '32', '10095', '4', '37', '10', '2016-12-11 14:41:49');
INSERT INTO `productstock` VALUES ('75', '32', '10095', '5', '38', '5', '2016-12-11 14:41:55');
INSERT INTO `productstock` VALUES ('76', '32', '10095', '6', '39', '5', '2016-12-11 14:42:00');
INSERT INTO `productstock` VALUES ('77', '32', '10095', '36', '35.5', '5', '2016-12-11 14:42:05');
INSERT INTO `productstock` VALUES ('78', '32', '10095', '37', '36', '10', '2016-12-11 14:42:10');
INSERT INTO `productstock` VALUES ('79', '32', '10095', '38', '37.5', '10', '2016-12-11 14:42:15');
INSERT INTO `productstock` VALUES ('80', '31', '10093', '4', '37', '10', '2016-12-11 14:39:57');
INSERT INTO `productstock` VALUES ('81', '31', '10093', '5', '38', '5', '2016-12-11 14:40:04');
INSERT INTO `productstock` VALUES ('82', '31', '10093', '6', '39', '5', '2016-12-11 14:40:09');
INSERT INTO `productstock` VALUES ('83', '31', '10093', '36', '35.5', '5', '2016-12-11 14:40:14');
INSERT INTO `productstock` VALUES ('84', '31', '10093', '37', '36', '10', '2016-12-11 14:40:20');
INSERT INTO `productstock` VALUES ('85', '31', '10093', '38', '37.5', '10', '2016-12-11 14:40:26');
INSERT INTO `productstock` VALUES ('86', '31', '10094', '4', '37', '10', '2016-12-11 14:40:42');
INSERT INTO `productstock` VALUES ('87', '31', '10094', '5', '38', '5', '2016-12-11 14:40:48');
INSERT INTO `productstock` VALUES ('88', '31', '10094', '6', '39', '5', '2016-12-11 14:40:53');
INSERT INTO `productstock` VALUES ('89', '31', '10094', '36', '35.5', '5', '2016-12-11 14:40:59');
INSERT INTO `productstock` VALUES ('90', '31', '10094', '37', '36', '10', '2016-12-11 14:41:05');
INSERT INTO `productstock` VALUES ('91', '31', '10094', '38', '37.5', '10', '2016-12-11 14:41:10');
INSERT INTO `productstock` VALUES ('92', '30', '10091', '4', '37', '10', '2016-12-11 14:37:41');
INSERT INTO `productstock` VALUES ('93', '30', '10091', '5', '38', '5', '2016-12-11 14:37:48');
INSERT INTO `productstock` VALUES ('94', '30', '10091', '6', '39', '5', '2016-12-11 14:37:54');
INSERT INTO `productstock` VALUES ('95', '30', '10091', '36', '35.5', '5', '2016-12-11 14:38:01');
INSERT INTO `productstock` VALUES ('96', '30', '10091', '37', '36', '10', '2016-12-11 14:38:08');
INSERT INTO `productstock` VALUES ('97', '30', '10091', '38', '37.5', '10', '2016-12-11 14:38:14');
INSERT INTO `productstock` VALUES ('98', '30', '10092', '4', '37', '10', '2016-12-11 14:39:01');
INSERT INTO `productstock` VALUES ('99', '30', '10092', '5', '38', '5', '2016-12-11 14:39:06');
INSERT INTO `productstock` VALUES ('100', '30', '10092', '6', '39', '5', '2016-12-11 14:39:11');
INSERT INTO `productstock` VALUES ('101', '30', '10092', '36', '35.5', '5', '2016-12-11 14:39:16');
INSERT INTO `productstock` VALUES ('102', '30', '10092', '37', '36', '10', '2016-12-11 14:39:22');
INSERT INTO `productstock` VALUES ('103', '30', '10092', '38', '37.5', '10', '2016-12-11 14:39:27');
INSERT INTO `productstock` VALUES ('104', '29', '10090', '4', '37', '10', '2016-12-11 14:36:50');
INSERT INTO `productstock` VALUES ('105', '29', '10090', '5', '38', '5', '2016-12-11 14:36:55');
INSERT INTO `productstock` VALUES ('106', '29', '10090', '6', '39', '5', '2016-12-11 14:37:00');
INSERT INTO `productstock` VALUES ('107', '29', '10090', '36', '35.5', '5', '2016-12-11 14:37:04');
INSERT INTO `productstock` VALUES ('108', '29', '10090', '37', '36', '10', '2016-12-11 14:37:10');
INSERT INTO `productstock` VALUES ('109', '29', '10090', '38', '37.5', '10', '2016-12-11 14:37:14');
INSERT INTO `productstock` VALUES ('110', '28', '10089', '4', '37', '10', '2016-12-11 14:35:57');
INSERT INTO `productstock` VALUES ('111', '28', '10089', '5', '38', '5', '2016-12-11 14:36:03');
INSERT INTO `productstock` VALUES ('112', '28', '10089', '6', '39', '5', '2016-12-11 14:36:07');
INSERT INTO `productstock` VALUES ('113', '28', '10089', '36', '35.5', '5', '2016-12-11 14:36:12');
INSERT INTO `productstock` VALUES ('114', '28', '10089', '37', '36', '10', '2016-12-11 14:36:18');
INSERT INTO `productstock` VALUES ('115', '28', '10089', '38', '37.5', '10', '2016-12-11 14:36:23');
INSERT INTO `productstock` VALUES ('116', '27', '10088', '4', '37', '10', '2016-12-11 14:34:58');
INSERT INTO `productstock` VALUES ('117', '27', '10088', '5', '38', '5', '2016-12-11 14:35:05');
INSERT INTO `productstock` VALUES ('118', '27', '10088', '6', '39', '5', '2016-12-11 14:35:10');
INSERT INTO `productstock` VALUES ('119', '27', '10088', '36', '35.5', '5', '2016-12-11 14:35:15');
INSERT INTO `productstock` VALUES ('120', '27', '10088', '37', '36', '10', '2016-12-11 14:35:21');
INSERT INTO `productstock` VALUES ('121', '27', '10088', '38', '37.5', '10', '2016-12-11 14:35:26');
INSERT INTO `productstock` VALUES ('122', '26', '10085', '4', '37', '10', '2016-12-11 14:32:03');
INSERT INTO `productstock` VALUES ('123', '26', '10085', '5', '38', '5', '2016-12-11 14:32:09');
INSERT INTO `productstock` VALUES ('124', '26', '10085', '6', '39', '5', '2016-12-11 14:32:14');
INSERT INTO `productstock` VALUES ('125', '26', '10085', '36', '35.5', '5', '2016-12-11 14:32:20');
INSERT INTO `productstock` VALUES ('126', '26', '10085', '37', '36', '10', '2016-12-11 14:32:28');
INSERT INTO `productstock` VALUES ('127', '26', '10085', '38', '37.5', '10', '2016-12-11 14:32:33');
INSERT INTO `productstock` VALUES ('128', '26', '10086', '4', '37', '10', '2016-12-11 14:32:55');
INSERT INTO `productstock` VALUES ('129', '26', '10086', '5', '38', '5', '2016-12-11 14:33:02');
INSERT INTO `productstock` VALUES ('130', '26', '10086', '6', '39', '5', '2016-12-11 14:33:08');
INSERT INTO `productstock` VALUES ('131', '26', '10086', '36', '35.5', '5', '2016-12-11 14:33:14');
INSERT INTO `productstock` VALUES ('132', '26', '10086', '37', '36', '10', '2016-12-11 14:33:20');
INSERT INTO `productstock` VALUES ('133', '26', '10086', '38', '37.5', '10', '2016-12-11 14:33:26');
INSERT INTO `productstock` VALUES ('134', '26', '10087', '4', '37', '10', '2016-12-11 14:33:47');
INSERT INTO `productstock` VALUES ('135', '26', '10087', '5', '38', '5', '2016-12-11 14:33:54');
INSERT INTO `productstock` VALUES ('136', '26', '10087', '6', '39', '5', '2016-12-11 14:33:59');
INSERT INTO `productstock` VALUES ('137', '26', '10087', '36', '35.5', '5', '2016-12-11 14:34:04');
INSERT INTO `productstock` VALUES ('138', '26', '10087', '37', '36', '10', '2016-12-11 14:34:12');
INSERT INTO `productstock` VALUES ('139', '26', '10087', '38', '37.5', '10', '2016-12-11 14:34:17');
INSERT INTO `productstock` VALUES ('140', '25', '10082', '4', '37', '10', '2016-12-11 14:28:41');
INSERT INTO `productstock` VALUES ('141', '25', '10082', '5', '38', '5', '2016-12-11 14:29:09');
INSERT INTO `productstock` VALUES ('142', '25', '10082', '6', '39', '5', '2016-12-11 14:29:15');
INSERT INTO `productstock` VALUES ('143', '25', '10082', '36', '35.5', '5', '2016-12-11 14:29:22');
INSERT INTO `productstock` VALUES ('144', '25', '10082', '37', '36', '10', '2016-12-11 14:29:29');
INSERT INTO `productstock` VALUES ('145', '25', '10082', '38', '37.5', '10', '2016-12-11 14:29:35');
INSERT INTO `productstock` VALUES ('146', '25', '10083', '4', '37', '10', '2016-12-11 14:30:10');
INSERT INTO `productstock` VALUES ('147', '25', '10083', '5', '38', '5', '2016-12-11 14:30:16');
INSERT INTO `productstock` VALUES ('148', '25', '10083', '6', '39', '5', '2016-12-11 14:30:21');
INSERT INTO `productstock` VALUES ('149', '25', '10083', '36', '35.5', '5', '2016-12-11 14:30:31');
INSERT INTO `productstock` VALUES ('150', '25', '10083', '37', '36', '10', '2016-12-11 14:30:37');
INSERT INTO `productstock` VALUES ('151', '25', '10083', '38', '37.5', '10', '2016-12-11 14:30:43');
INSERT INTO `productstock` VALUES ('152', '25', '10084', '4', '37', '10', '2016-12-11 14:30:59');
INSERT INTO `productstock` VALUES ('153', '25', '10084', '5', '38', '5', '2016-12-11 14:31:06');
INSERT INTO `productstock` VALUES ('154', '25', '10084', '6', '39', '5', '2016-12-11 14:31:11');
INSERT INTO `productstock` VALUES ('155', '25', '10084', '36', '35.5', '5', '2016-12-11 14:31:17');
INSERT INTO `productstock` VALUES ('156', '25', '10084', '37', '36', '10', '2016-12-11 14:31:23');
INSERT INTO `productstock` VALUES ('157', '25', '10084', '38', '37.5', '10', '2016-12-11 14:31:30');
INSERT INTO `productstock` VALUES ('158', '24', '10079', '4', '37', '0', '2016-12-11 13:21:10');
INSERT INTO `productstock` VALUES ('159', '24', '10079', '5', '38', '0', '2016-12-11 13:21:10');
INSERT INTO `productstock` VALUES ('160', '24', '10079', '6', '39', '0', '2016-12-11 13:21:10');
INSERT INTO `productstock` VALUES ('161', '24', '10079', '36', '35.5', '0', '2016-12-11 13:21:10');
INSERT INTO `productstock` VALUES ('162', '24', '10079', '37', '36', '0', '2016-12-11 13:21:10');
INSERT INTO `productstock` VALUES ('163', '24', '10079', '38', '37.5', '0', '2016-12-11 13:21:10');
INSERT INTO `productstock` VALUES ('164', '24', '10080', '4', '37', '0', '2016-12-11 13:21:22');
INSERT INTO `productstock` VALUES ('165', '24', '10080', '5', '38', '0', '2016-12-11 13:21:22');
INSERT INTO `productstock` VALUES ('166', '24', '10080', '6', '39', '0', '2016-12-11 13:21:22');
INSERT INTO `productstock` VALUES ('167', '24', '10080', '36', '35.5', '0', '2016-12-11 13:21:22');
INSERT INTO `productstock` VALUES ('168', '24', '10080', '37', '36', '0', '2016-12-11 13:21:22');
INSERT INTO `productstock` VALUES ('169', '24', '10080', '38', '37.5', '0', '2016-12-11 13:21:22');
INSERT INTO `productstock` VALUES ('170', '23', '10078', '4', '37', '0', '2016-12-11 13:21:44');
INSERT INTO `productstock` VALUES ('171', '23', '10078', '5', '38', '0', '2016-12-11 13:21:44');
INSERT INTO `productstock` VALUES ('172', '23', '10078', '6', '39', '0', '2016-12-11 13:21:44');
INSERT INTO `productstock` VALUES ('173', '23', '10078', '36', '35.5', '0', '2016-12-11 13:21:44');
INSERT INTO `productstock` VALUES ('174', '23', '10078', '37', '36', '0', '2016-12-11 13:21:44');
INSERT INTO `productstock` VALUES ('175', '23', '10078', '38', '37.5', '0', '2016-12-11 13:21:44');
INSERT INTO `productstock` VALUES ('176', '22', '10074', '4', '37', '0', '2016-12-11 13:22:03');
INSERT INTO `productstock` VALUES ('177', '22', '10074', '5', '38', '0', '2016-12-11 13:22:03');
INSERT INTO `productstock` VALUES ('178', '22', '10074', '6', '39', '0', '2016-12-11 13:22:03');
INSERT INTO `productstock` VALUES ('179', '22', '10074', '36', '35.5', '0', '2016-12-11 13:22:03');
INSERT INTO `productstock` VALUES ('180', '22', '10074', '37', '36', '0', '2016-12-11 13:22:03');
INSERT INTO `productstock` VALUES ('181', '22', '10074', '38', '37.5', '0', '2016-12-11 13:22:03');
INSERT INTO `productstock` VALUES ('182', '22', '10075', '4', '37', '0', '2016-12-11 13:22:17');
INSERT INTO `productstock` VALUES ('183', '22', '10075', '5', '38', '0', '2016-12-11 13:22:17');
INSERT INTO `productstock` VALUES ('184', '22', '10075', '6', '39', '0', '2016-12-11 13:22:17');
INSERT INTO `productstock` VALUES ('185', '22', '10075', '36', '35.5', '0', '2016-12-11 13:22:17');
INSERT INTO `productstock` VALUES ('186', '22', '10075', '37', '36', '0', '2016-12-11 13:22:17');
INSERT INTO `productstock` VALUES ('187', '22', '10075', '38', '37.5', '0', '2016-12-11 13:22:17');
INSERT INTO `productstock` VALUES ('188', '22', '10076', '4', '37', '0', '2016-12-11 13:22:30');
INSERT INTO `productstock` VALUES ('189', '22', '10076', '5', '38', '0', '2016-12-11 13:22:30');
INSERT INTO `productstock` VALUES ('190', '22', '10076', '6', '39', '0', '2016-12-11 13:22:30');
INSERT INTO `productstock` VALUES ('191', '22', '10076', '36', '35.5', '0', '2016-12-11 13:22:30');
INSERT INTO `productstock` VALUES ('192', '22', '10076', '37', '36', '0', '2016-12-11 13:22:30');
INSERT INTO `productstock` VALUES ('193', '22', '10076', '38', '37.5', '0', '2016-12-11 13:22:30');
INSERT INTO `productstock` VALUES ('194', '22', '10077', '4', '37', '0', '2016-12-11 13:22:44');
INSERT INTO `productstock` VALUES ('195', '22', '10077', '5', '38', '0', '2016-12-11 13:22:44');
INSERT INTO `productstock` VALUES ('196', '22', '10077', '6', '39', '0', '2016-12-11 13:22:44');
INSERT INTO `productstock` VALUES ('197', '22', '10077', '36', '35.5', '0', '2016-12-11 13:22:44');
INSERT INTO `productstock` VALUES ('198', '22', '10077', '37', '36', '0', '2016-12-11 13:22:44');
INSERT INTO `productstock` VALUES ('199', '22', '10077', '38', '37.5', '0', '2016-12-11 13:22:44');
INSERT INTO `productstock` VALUES ('200', '21', '10069', '4', '37', '0', '2016-12-11 13:23:05');
INSERT INTO `productstock` VALUES ('201', '21', '10069', '5', '38', '0', '2016-12-11 13:23:05');
INSERT INTO `productstock` VALUES ('202', '21', '10069', '6', '39', '0', '2016-12-11 13:23:05');
INSERT INTO `productstock` VALUES ('203', '21', '10069', '36', '35.5', '0', '2016-12-11 13:23:05');
INSERT INTO `productstock` VALUES ('204', '21', '10069', '37', '36', '0', '2016-12-11 13:23:05');
INSERT INTO `productstock` VALUES ('205', '21', '10069', '38', '37.5', '0', '2016-12-11 13:23:05');
INSERT INTO `productstock` VALUES ('206', '21', '10070', '4', '37', '0', '2016-12-11 13:23:20');
INSERT INTO `productstock` VALUES ('207', '21', '10070', '5', '38', '0', '2016-12-11 13:23:20');
INSERT INTO `productstock` VALUES ('208', '21', '10070', '6', '39', '0', '2016-12-11 13:23:20');
INSERT INTO `productstock` VALUES ('209', '21', '10070', '36', '35.5', '0', '2016-12-11 13:23:20');
INSERT INTO `productstock` VALUES ('210', '21', '10070', '37', '36', '0', '2016-12-11 13:23:20');
INSERT INTO `productstock` VALUES ('211', '21', '10070', '38', '37.5', '0', '2016-12-11 13:23:20');
INSERT INTO `productstock` VALUES ('212', '21', '10071', '4', '37', '0', '2016-12-11 13:23:34');
INSERT INTO `productstock` VALUES ('213', '21', '10071', '5', '38', '0', '2016-12-11 13:23:34');
INSERT INTO `productstock` VALUES ('214', '21', '10071', '6', '39', '0', '2016-12-11 13:23:34');
INSERT INTO `productstock` VALUES ('215', '21', '10071', '36', '35.5', '0', '2016-12-11 13:23:34');
INSERT INTO `productstock` VALUES ('216', '21', '10071', '37', '36', '0', '2016-12-11 13:23:34');
INSERT INTO `productstock` VALUES ('217', '21', '10071', '38', '37.5', '0', '2016-12-11 13:23:34');
INSERT INTO `productstock` VALUES ('218', '21', '10072', '4', '37', '0', '2016-12-11 13:23:55');
INSERT INTO `productstock` VALUES ('219', '21', '10072', '5', '38', '0', '2016-12-11 13:23:55');
INSERT INTO `productstock` VALUES ('220', '21', '10072', '6', '39', '0', '2016-12-11 13:23:55');
INSERT INTO `productstock` VALUES ('221', '21', '10072', '36', '35.5', '0', '2016-12-11 13:23:55');
INSERT INTO `productstock` VALUES ('222', '21', '10072', '37', '36', '0', '2016-12-11 13:23:55');
INSERT INTO `productstock` VALUES ('223', '21', '10072', '38', '37.5', '0', '2016-12-11 13:23:55');
INSERT INTO `productstock` VALUES ('224', '21', '10073', '4', '37', '0', '2016-12-11 13:24:08');
INSERT INTO `productstock` VALUES ('225', '21', '10073', '5', '38', '0', '2016-12-11 13:24:08');
INSERT INTO `productstock` VALUES ('226', '21', '10073', '6', '39', '0', '2016-12-11 13:24:08');
INSERT INTO `productstock` VALUES ('227', '21', '10073', '36', '35.5', '0', '2016-12-11 13:24:08');
INSERT INTO `productstock` VALUES ('228', '21', '10073', '37', '36', '0', '2016-12-11 13:24:08');
INSERT INTO `productstock` VALUES ('229', '21', '10073', '38', '37.5', '0', '2016-12-11 13:24:08');
INSERT INTO `productstock` VALUES ('230', '20', '10068', '8', '42', '10', '2016-12-11 14:27:16');
INSERT INTO `productstock` VALUES ('231', '20', '10068', '9', '43', '5', '2016-12-11 14:27:22');
INSERT INTO `productstock` VALUES ('232', '20', '10068', '39', '39.5', '5', '2016-12-11 14:27:30');
INSERT INTO `productstock` VALUES ('233', '20', '10068', '40', '40', '10', '2016-12-11 14:27:37');
INSERT INTO `productstock` VALUES ('234', '20', '10068', '41', '40.5', '10', '2016-12-11 14:27:43');
INSERT INTO `productstock` VALUES ('235', '20', '10068', '42', '41', '10', '2016-12-11 14:27:52');
INSERT INTO `productstock` VALUES ('236', '20', '10068', '43', '44', '5', '2016-12-11 14:27:58');
INSERT INTO `productstock` VALUES ('237', '19', '10067', '8', '42', '10', '2016-12-11 14:26:15');
INSERT INTO `productstock` VALUES ('238', '19', '10067', '9', '43', '5', '2016-12-11 14:26:21');
INSERT INTO `productstock` VALUES ('239', '19', '10067', '39', '39.5', '5', '2016-12-11 14:26:26');
INSERT INTO `productstock` VALUES ('240', '19', '10067', '40', '40', '10', '2016-12-11 14:26:32');
INSERT INTO `productstock` VALUES ('241', '19', '10067', '41', '40.5', '10', '2016-12-11 14:26:38');
INSERT INTO `productstock` VALUES ('242', '19', '10067', '42', '41', '10', '2016-12-11 14:26:43');
INSERT INTO `productstock` VALUES ('243', '19', '10067', '43', '44', '5', '2016-12-11 14:26:49');
INSERT INTO `productstock` VALUES ('244', '18', '10064', '8', '42', '10', '2016-12-11 14:23:08');
INSERT INTO `productstock` VALUES ('245', '18', '10064', '9', '43', '5', '2016-12-11 14:23:14');
INSERT INTO `productstock` VALUES ('246', '18', '10064', '39', '39.5', '5', '2016-12-11 14:23:20');
INSERT INTO `productstock` VALUES ('247', '18', '10064', '40', '40', '10', '2016-12-11 14:23:25');
INSERT INTO `productstock` VALUES ('248', '18', '10064', '41', '40.5', '10', '2016-12-11 14:23:32');
INSERT INTO `productstock` VALUES ('249', '18', '10064', '42', '41', '10', '2016-12-11 14:23:37');
INSERT INTO `productstock` VALUES ('250', '18', '10064', '43', '44', '5', '2016-12-11 14:23:44');
INSERT INTO `productstock` VALUES ('251', '18', '10065', '8', '42', '10', '2016-12-11 14:23:58');
INSERT INTO `productstock` VALUES ('252', '18', '10065', '9', '43', '5', '2016-12-11 14:24:04');
INSERT INTO `productstock` VALUES ('253', '18', '10065', '39', '39.5', '5', '2016-12-11 14:24:11');
INSERT INTO `productstock` VALUES ('254', '18', '10065', '40', '40', '10', '2016-12-11 14:24:16');
INSERT INTO `productstock` VALUES ('255', '18', '10065', '41', '40.5', '10', '2016-12-11 14:24:23');
INSERT INTO `productstock` VALUES ('256', '18', '10065', '42', '41', '10', '2016-12-11 14:24:31');
INSERT INTO `productstock` VALUES ('257', '18', '10065', '43', '44', '5', '2016-12-11 14:24:38');
INSERT INTO `productstock` VALUES ('258', '18', '10066', '8', '42', '10', '2016-12-11 14:25:15');
INSERT INTO `productstock` VALUES ('259', '18', '10066', '9', '43', '5', '2016-12-11 14:25:21');
INSERT INTO `productstock` VALUES ('260', '18', '10066', '39', '39.5', '5', '2016-12-11 14:25:26');
INSERT INTO `productstock` VALUES ('261', '18', '10066', '40', '40', '10', '2016-12-11 14:25:32');
INSERT INTO `productstock` VALUES ('262', '18', '10066', '41', '40.5', '10', '2016-12-11 14:25:38');
INSERT INTO `productstock` VALUES ('263', '18', '10066', '42', '41', '10', '2016-12-11 14:25:44');
INSERT INTO `productstock` VALUES ('264', '18', '10066', '43', '44', '5', '2016-12-11 14:25:49');
INSERT INTO `productstock` VALUES ('265', '17', '10062', '8', '42', '10', '2016-12-11 14:20:56');
INSERT INTO `productstock` VALUES ('266', '17', '10062', '9', '43', '5', '2016-12-11 14:21:01');
INSERT INTO `productstock` VALUES ('267', '17', '10062', '39', '39.5', '5', '2016-12-11 14:21:07');
INSERT INTO `productstock` VALUES ('268', '17', '10062', '40', '40', '10', '2016-12-11 14:21:14');
INSERT INTO `productstock` VALUES ('269', '17', '10062', '41', '40.5', '10', '2016-12-11 14:21:19');
INSERT INTO `productstock` VALUES ('270', '17', '10062', '42', '41', '10', '2016-12-11 14:21:25');
INSERT INTO `productstock` VALUES ('271', '17', '10062', '43', '44', '5', '2016-12-11 14:21:30');
INSERT INTO `productstock` VALUES ('272', '17', '10063', '8', '42', '10', '2016-12-11 14:21:53');
INSERT INTO `productstock` VALUES ('273', '17', '10063', '9', '43', '5', '2016-12-11 14:21:58');
INSERT INTO `productstock` VALUES ('274', '17', '10063', '39', '39.5', '5', '2016-12-11 14:22:04');
INSERT INTO `productstock` VALUES ('275', '17', '10063', '40', '40', '10', '2016-12-11 14:22:10');
INSERT INTO `productstock` VALUES ('276', '17', '10063', '41', '40.5', '10', '2016-12-11 14:22:17');
INSERT INTO `productstock` VALUES ('277', '17', '10063', '42', '41', '10', '2016-12-11 14:22:32');
INSERT INTO `productstock` VALUES ('278', '17', '10063', '43', '44', '5', '2016-12-11 14:22:37');
INSERT INTO `productstock` VALUES ('279', '16', '10059', '8', '42', '10', '2016-12-11 14:16:47');
INSERT INTO `productstock` VALUES ('280', '16', '10059', '9', '43', '5', '2016-12-11 14:16:54');
INSERT INTO `productstock` VALUES ('281', '16', '10059', '39', '39.5', '5', '2016-12-11 14:16:59');
INSERT INTO `productstock` VALUES ('282', '16', '10059', '40', '40', '10', '2016-12-11 14:17:05');
INSERT INTO `productstock` VALUES ('283', '16', '10059', '41', '40.5', '10', '2016-12-11 14:17:11');
INSERT INTO `productstock` VALUES ('284', '16', '10059', '42', '41', '10', '2016-12-11 14:17:16');
INSERT INTO `productstock` VALUES ('285', '16', '10059', '43', '44', '5', '2016-12-11 14:20:28');
INSERT INTO `productstock` VALUES ('286', '16', '10060', '8', '42', '10', '2016-12-11 14:17:40');
INSERT INTO `productstock` VALUES ('287', '16', '10060', '9', '43', '5', '2016-12-11 14:17:46');
INSERT INTO `productstock` VALUES ('288', '16', '10060', '39', '39.5', '5', '2016-12-11 14:17:53');
INSERT INTO `productstock` VALUES ('289', '16', '10060', '40', '40', '10', '2016-12-11 14:17:59');
INSERT INTO `productstock` VALUES ('290', '16', '10060', '41', '40.5', '10', '2016-12-11 14:18:05');
INSERT INTO `productstock` VALUES ('291', '16', '10060', '42', '41', '10', '2016-12-11 14:18:11');
INSERT INTO `productstock` VALUES ('292', '16', '10060', '43', '44', '5', '2016-12-11 14:18:18');
INSERT INTO `productstock` VALUES ('293', '16', '10061', '8', '42', '10', '2016-12-11 14:18:39');
INSERT INTO `productstock` VALUES ('294', '16', '10061', '9', '43', '5', '2016-12-11 14:18:44');
INSERT INTO `productstock` VALUES ('295', '16', '10061', '39', '39.5', '5', '2016-12-11 14:18:50');
INSERT INTO `productstock` VALUES ('296', '16', '10061', '40', '40', '10', '2016-12-11 14:19:02');
INSERT INTO `productstock` VALUES ('297', '16', '10061', '41', '40.5', '10', '2016-12-11 14:19:08');
INSERT INTO `productstock` VALUES ('298', '16', '10061', '42', '41', '10', '2016-12-11 14:19:15');
INSERT INTO `productstock` VALUES ('299', '16', '10061', '43', '44', '5', '2016-12-11 14:19:20');
INSERT INTO `productstock` VALUES ('300', '15', '10056', '8', '42', '10', '2016-12-11 14:10:14');
INSERT INTO `productstock` VALUES ('301', '15', '10056', '9', '43', '5', '2016-12-11 14:10:20');
INSERT INTO `productstock` VALUES ('302', '15', '10056', '39', '39.5', '5', '2016-12-11 14:10:31');
INSERT INTO `productstock` VALUES ('303', '15', '10056', '40', '40', '10', '2016-12-11 14:12:46');
INSERT INTO `productstock` VALUES ('304', '15', '10056', '41', '40.5', '10', '2016-12-11 14:12:53');
INSERT INTO `productstock` VALUES ('305', '15', '10056', '42', '41', '10', '2016-12-11 14:12:59');
INSERT INTO `productstock` VALUES ('306', '15', '10056', '43', '44', '5', '2016-12-11 14:13:04');
INSERT INTO `productstock` VALUES ('307', '15', '10057', '8', '42', '10', '2016-12-11 14:13:29');
INSERT INTO `productstock` VALUES ('308', '15', '10057', '9', '43', '5', '2016-12-11 14:13:40');
INSERT INTO `productstock` VALUES ('309', '15', '10057', '39', '39.5', '5', '2016-12-11 14:13:47');
INSERT INTO `productstock` VALUES ('310', '15', '10057', '40', '40', '10', '2016-12-11 14:13:53');
INSERT INTO `productstock` VALUES ('311', '15', '10057', '41', '40.5', '10', '2016-12-11 14:14:00');
INSERT INTO `productstock` VALUES ('312', '15', '10057', '42', '41', '10', '2016-12-11 14:14:07');
INSERT INTO `productstock` VALUES ('313', '15', '10057', '43', '44', '5', '2016-12-11 14:14:14');
INSERT INTO `productstock` VALUES ('314', '15', '10058', '8', '42', '10', '2016-12-11 14:15:13');
INSERT INTO `productstock` VALUES ('315', '15', '10058', '9', '43', '5', '2016-12-11 14:15:19');
INSERT INTO `productstock` VALUES ('316', '15', '10058', '39', '39.5', '5', '2016-12-11 14:15:25');
INSERT INTO `productstock` VALUES ('317', '15', '10058', '40', '40', '10', '2016-12-11 14:15:31');
INSERT INTO `productstock` VALUES ('318', '15', '10058', '41', '40.5', '10', '2016-12-11 14:15:37');
INSERT INTO `productstock` VALUES ('319', '15', '10058', '42', '41', '10', '2016-12-11 14:15:42');
INSERT INTO `productstock` VALUES ('320', '15', '10058', '43', '44', '5', '2016-12-11 14:15:48');
INSERT INTO `productstock` VALUES ('321', '14', '10053', '8', '42', '10', '2016-12-11 14:08:31');
INSERT INTO `productstock` VALUES ('322', '14', '10053', '9', '43', '5', '2016-12-11 14:08:44');
INSERT INTO `productstock` VALUES ('323', '14', '10053', '39', '39.5', '5', '2016-12-11 14:09:04');
INSERT INTO `productstock` VALUES ('324', '14', '10053', '40', '40', '10', '2016-12-11 14:09:12');
INSERT INTO `productstock` VALUES ('325', '14', '10053', '41', '40.5', '10', '2016-12-11 14:09:19');
INSERT INTO `productstock` VALUES ('326', '14', '10053', '42', '41', '10', '2016-12-11 14:09:26');
INSERT INTO `productstock` VALUES ('327', '14', '10053', '43', '44', '5', '2016-12-11 14:09:32');
INSERT INTO `productstock` VALUES ('328', '14', '10054', '8', '42', '10', '2016-12-11 14:45:45');
INSERT INTO `productstock` VALUES ('329', '14', '10054', '9', '43', '5', '2016-12-11 14:45:51');
INSERT INTO `productstock` VALUES ('330', '14', '10054', '39', '39.5', '5', '2016-12-11 14:45:58');
INSERT INTO `productstock` VALUES ('331', '14', '10054', '40', '40', '10', '2016-12-11 14:46:12');
INSERT INTO `productstock` VALUES ('332', '14', '10054', '41', '40.5', '10', '2016-12-11 14:46:20');
INSERT INTO `productstock` VALUES ('333', '14', '10054', '42', '41', '10', '2016-12-11 14:46:26');
INSERT INTO `productstock` VALUES ('334', '14', '10054', '43', '44', '5', '2016-12-11 14:46:33');
INSERT INTO `productstock` VALUES ('335', '14', '10055', '8', '42', '10', '2016-12-11 14:46:51');
INSERT INTO `productstock` VALUES ('336', '14', '10055', '9', '43', '5', '2016-12-11 14:46:58');
INSERT INTO `productstock` VALUES ('337', '14', '10055', '39', '39.5', '5', '2016-12-11 14:47:05');
INSERT INTO `productstock` VALUES ('338', '14', '10055', '40', '40', '10', '2016-12-11 14:47:10');
INSERT INTO `productstock` VALUES ('339', '14', '10055', '41', '40.5', '10', '2016-12-11 14:47:16');
INSERT INTO `productstock` VALUES ('340', '14', '10055', '42', '41', '10', '2016-12-11 14:47:21');
INSERT INTO `productstock` VALUES ('341', '14', '10055', '43', '44', '5', '2016-12-11 14:47:27');
INSERT INTO `productstock` VALUES ('342', '13', '10052', '8', '42', '10', '2016-12-11 14:06:08');
INSERT INTO `productstock` VALUES ('343', '13', '10052', '9', '43', '5', '2016-12-11 14:06:13');
INSERT INTO `productstock` VALUES ('344', '13', '10052', '39', '39.5', '5', '2016-12-11 14:06:17');
INSERT INTO `productstock` VALUES ('345', '13', '10052', '40', '40', '10', '2016-12-11 14:06:22');
INSERT INTO `productstock` VALUES ('346', '13', '10052', '41', '40.5', '10', '2016-12-11 14:06:27');
INSERT INTO `productstock` VALUES ('347', '13', '10052', '42', '41', '10', '2016-12-11 14:06:33');
INSERT INTO `productstock` VALUES ('348', '13', '10052', '43', '44', '5', '2016-12-11 14:06:37');
INSERT INTO `productstock` VALUES ('349', '12', '10049', '8', '42', '10', '2016-12-11 13:59:09');
INSERT INTO `productstock` VALUES ('350', '12', '10049', '9', '43', '5', '2016-12-11 13:59:13');
INSERT INTO `productstock` VALUES ('351', '12', '10049', '39', '39.5', '5', '2016-12-11 13:59:02');
INSERT INTO `productstock` VALUES ('352', '12', '10049', '40', '40', '10', '2016-12-11 13:59:21');
INSERT INTO `productstock` VALUES ('353', '12', '10049', '41', '40.5', '10', '2016-12-11 13:59:27');
INSERT INTO `productstock` VALUES ('354', '12', '10049', '42', '41', '10', '2016-12-11 13:59:31');
INSERT INTO `productstock` VALUES ('355', '12', '10049', '43', '44', '5', '2016-12-11 13:59:36');
INSERT INTO `productstock` VALUES ('356', '12', '10050', '8', '42', '10', '2016-12-11 13:59:51');
INSERT INTO `productstock` VALUES ('357', '12', '10050', '9', '43', '5', '2016-12-11 13:59:57');
INSERT INTO `productstock` VALUES ('358', '12', '10050', '39', '39.5', '5', '2016-12-11 14:00:03');
INSERT INTO `productstock` VALUES ('359', '12', '10050', '40', '40', '10', '2016-12-11 14:00:09');
INSERT INTO `productstock` VALUES ('360', '12', '10050', '41', '40.5', '10', '2016-12-11 14:00:13');
INSERT INTO `productstock` VALUES ('361', '12', '10050', '42', '41', '10', '2016-12-11 14:00:18');
INSERT INTO `productstock` VALUES ('362', '12', '10050', '43', '44', '5', '2016-12-11 14:00:22');
INSERT INTO `productstock` VALUES ('363', '12', '10051', '8', '42', '10', '2016-12-11 14:00:40');
INSERT INTO `productstock` VALUES ('364', '12', '10051', '9', '43', '5', '2016-12-11 14:00:46');
INSERT INTO `productstock` VALUES ('365', '12', '10051', '39', '39.5', '5', '2016-12-11 14:00:51');
INSERT INTO `productstock` VALUES ('366', '12', '10051', '40', '40', '10', '2016-12-11 14:00:56');
INSERT INTO `productstock` VALUES ('367', '12', '10051', '41', '40.5', '10', '2016-12-11 14:01:00');
INSERT INTO `productstock` VALUES ('368', '12', '10051', '42', '41', '10', '2016-12-11 14:01:04');
INSERT INTO `productstock` VALUES ('369', '12', '10051', '43', '44', '5', '2016-12-11 14:01:08');
INSERT INTO `productstock` VALUES ('370', '11', '10045', '8', '42', '0', '2016-12-11 13:33:47');
INSERT INTO `productstock` VALUES ('371', '11', '10045', '9', '43', '0', '2016-12-11 13:33:47');
INSERT INTO `productstock` VALUES ('372', '11', '10045', '39', '39.5', '0', '2016-12-11 13:33:47');
INSERT INTO `productstock` VALUES ('373', '11', '10045', '40', '40', '0', '2016-12-11 13:33:47');
INSERT INTO `productstock` VALUES ('374', '11', '10045', '41', '40.5', '0', '2016-12-11 13:33:47');
INSERT INTO `productstock` VALUES ('375', '11', '10045', '42', '41', '0', '2016-12-11 13:33:47');
INSERT INTO `productstock` VALUES ('376', '11', '10045', '43', '44', '0', '2016-12-11 13:33:47');
INSERT INTO `productstock` VALUES ('377', '11', '10046', '8', '42', '0', '2016-12-11 13:34:08');
INSERT INTO `productstock` VALUES ('378', '11', '10046', '9', '43', '0', '2016-12-11 13:34:08');
INSERT INTO `productstock` VALUES ('379', '11', '10046', '39', '39.5', '0', '2016-12-11 13:34:08');
INSERT INTO `productstock` VALUES ('380', '11', '10046', '40', '40', '0', '2016-12-11 13:34:08');
INSERT INTO `productstock` VALUES ('381', '11', '10046', '41', '40.5', '0', '2016-12-11 13:34:08');
INSERT INTO `productstock` VALUES ('382', '11', '10046', '42', '41', '0', '2016-12-11 13:34:08');
INSERT INTO `productstock` VALUES ('383', '11', '10046', '43', '44', '0', '2016-12-11 13:34:08');
INSERT INTO `productstock` VALUES ('384', '11', '10047', '8', '42', '0', '2016-12-11 13:34:31');
INSERT INTO `productstock` VALUES ('385', '11', '10047', '9', '43', '0', '2016-12-11 13:34:31');
INSERT INTO `productstock` VALUES ('386', '11', '10047', '39', '39.5', '0', '2016-12-11 13:34:31');
INSERT INTO `productstock` VALUES ('387', '11', '10047', '40', '40', '0', '2016-12-11 13:34:31');
INSERT INTO `productstock` VALUES ('388', '11', '10047', '41', '40.5', '0', '2016-12-11 13:34:31');
INSERT INTO `productstock` VALUES ('389', '11', '10047', '42', '41', '0', '2016-12-11 13:34:31');
INSERT INTO `productstock` VALUES ('390', '11', '10047', '43', '44', '0', '2016-12-11 13:34:31');
INSERT INTO `productstock` VALUES ('391', '11', '10048', '8', '42', '0', '2016-12-11 13:34:51');
INSERT INTO `productstock` VALUES ('392', '11', '10048', '9', '43', '0', '2016-12-11 13:34:51');
INSERT INTO `productstock` VALUES ('393', '11', '10048', '39', '39.5', '0', '2016-12-11 13:34:51');
INSERT INTO `productstock` VALUES ('394', '11', '10048', '40', '40', '0', '2016-12-11 13:34:51');
INSERT INTO `productstock` VALUES ('395', '11', '10048', '41', '40.5', '0', '2016-12-11 13:34:51');
INSERT INTO `productstock` VALUES ('396', '11', '10048', '42', '41', '0', '2016-12-11 13:34:51');
INSERT INTO `productstock` VALUES ('397', '11', '10048', '43', '44', '0', '2016-12-11 13:34:51');
INSERT INTO `productstock` VALUES ('398', '10', '10043', '8', '42', '0', '2016-12-11 13:35:18');
INSERT INTO `productstock` VALUES ('399', '10', '10043', '9', '43', '0', '2016-12-11 13:35:18');
INSERT INTO `productstock` VALUES ('400', '10', '10043', '39', '39.5', '0', '2016-12-11 13:35:18');
INSERT INTO `productstock` VALUES ('401', '10', '10043', '40', '40', '0', '2016-12-11 13:35:18');
INSERT INTO `productstock` VALUES ('402', '10', '10043', '41', '40.5', '0', '2016-12-11 13:35:18');
INSERT INTO `productstock` VALUES ('403', '10', '10043', '42', '41', '0', '2016-12-11 13:35:18');
INSERT INTO `productstock` VALUES ('404', '10', '10043', '43', '44', '0', '2016-12-11 13:35:18');
INSERT INTO `productstock` VALUES ('405', '10', '10044', '8', '42', '0', '2016-12-11 13:35:47');
INSERT INTO `productstock` VALUES ('406', '10', '10044', '9', '43', '0', '2016-12-11 13:35:47');
INSERT INTO `productstock` VALUES ('407', '10', '10044', '39', '39.5', '0', '2016-12-11 13:35:47');
INSERT INTO `productstock` VALUES ('408', '10', '10044', '40', '40', '0', '2016-12-11 13:35:47');
INSERT INTO `productstock` VALUES ('409', '10', '10044', '41', '40.5', '0', '2016-12-11 13:35:47');
INSERT INTO `productstock` VALUES ('410', '10', '10044', '42', '41', '0', '2016-12-11 13:35:47');
INSERT INTO `productstock` VALUES ('411', '10', '10044', '43', '44', '0', '2016-12-11 13:35:47');
INSERT INTO `productstock` VALUES ('412', '9', '10041', '8', '42', '0', '2016-12-11 13:36:11');
INSERT INTO `productstock` VALUES ('413', '9', '10041', '9', '43', '0', '2016-12-11 13:36:11');
INSERT INTO `productstock` VALUES ('414', '9', '10041', '39', '39.5', '0', '2016-12-11 13:36:11');
INSERT INTO `productstock` VALUES ('415', '9', '10041', '40', '40', '0', '2016-12-11 13:36:11');
INSERT INTO `productstock` VALUES ('416', '9', '10041', '41', '40.5', '0', '2016-12-11 13:36:11');
INSERT INTO `productstock` VALUES ('417', '9', '10041', '42', '41', '0', '2016-12-11 13:36:11');
INSERT INTO `productstock` VALUES ('418', '9', '10041', '43', '44', '0', '2016-12-11 13:36:11');
INSERT INTO `productstock` VALUES ('419', '9', '10042', '8', '42', '0', '2016-12-11 13:36:36');
INSERT INTO `productstock` VALUES ('420', '9', '10042', '9', '43', '0', '2016-12-11 13:36:36');
INSERT INTO `productstock` VALUES ('421', '9', '10042', '39', '39.5', '0', '2016-12-11 13:36:36');
INSERT INTO `productstock` VALUES ('422', '9', '10042', '40', '40', '0', '2016-12-11 13:36:36');
INSERT INTO `productstock` VALUES ('423', '9', '10042', '41', '40.5', '0', '2016-12-11 13:36:36');
INSERT INTO `productstock` VALUES ('424', '9', '10042', '42', '41', '0', '2016-12-11 13:36:36');
INSERT INTO `productstock` VALUES ('425', '9', '10042', '43', '44', '0', '2016-12-11 13:36:36');
INSERT INTO `productstock` VALUES ('426', '8', '10039', '8', '42', '0', '2016-12-11 13:37:02');
INSERT INTO `productstock` VALUES ('427', '8', '10039', '9', '43', '0', '2016-12-11 13:37:02');
INSERT INTO `productstock` VALUES ('428', '8', '10039', '39', '39.5', '0', '2016-12-11 13:37:02');
INSERT INTO `productstock` VALUES ('429', '8', '10039', '40', '40', '0', '2016-12-11 13:37:02');
INSERT INTO `productstock` VALUES ('430', '8', '10039', '41', '40.5', '0', '2016-12-11 13:37:02');
INSERT INTO `productstock` VALUES ('431', '8', '10039', '42', '41', '0', '2016-12-11 13:37:02');
INSERT INTO `productstock` VALUES ('432', '8', '10039', '43', '44', '0', '2016-12-11 13:37:02');
INSERT INTO `productstock` VALUES ('433', '8', '10040', '8', '42', '0', '2016-12-11 13:37:23');
INSERT INTO `productstock` VALUES ('434', '8', '10040', '9', '43', '0', '2016-12-11 13:37:23');
INSERT INTO `productstock` VALUES ('435', '8', '10040', '39', '39.5', '0', '2016-12-11 13:37:23');
INSERT INTO `productstock` VALUES ('436', '8', '10040', '40', '40', '0', '2016-12-11 13:37:23');
INSERT INTO `productstock` VALUES ('437', '8', '10040', '41', '40.5', '0', '2016-12-11 13:37:23');
INSERT INTO `productstock` VALUES ('438', '8', '10040', '42', '41', '0', '2016-12-11 13:37:23');
INSERT INTO `productstock` VALUES ('439', '8', '10040', '43', '44', '0', '2016-12-11 13:37:23');
INSERT INTO `productstock` VALUES ('440', '7', '10036', '8', '42', '0', '2016-12-11 13:50:02');
INSERT INTO `productstock` VALUES ('441', '7', '10036', '9', '43', '0', '2016-12-11 13:50:02');
INSERT INTO `productstock` VALUES ('442', '7', '10036', '39', '39.5', '0', '2016-12-11 13:50:02');
INSERT INTO `productstock` VALUES ('443', '7', '10036', '40', '40', '0', '2016-12-11 13:50:02');
INSERT INTO `productstock` VALUES ('444', '7', '10036', '41', '40.5', '0', '2016-12-11 13:50:02');
INSERT INTO `productstock` VALUES ('445', '7', '10036', '42', '41', '0', '2016-12-11 13:50:02');
INSERT INTO `productstock` VALUES ('446', '7', '10036', '43', '44', '0', '2016-12-11 13:50:02');
INSERT INTO `productstock` VALUES ('447', '7', '10037', '8', '42', '0', '2016-12-11 13:50:25');
INSERT INTO `productstock` VALUES ('448', '7', '10037', '9', '43', '0', '2016-12-11 13:50:25');
INSERT INTO `productstock` VALUES ('449', '7', '10037', '39', '39.5', '0', '2016-12-11 13:50:25');
INSERT INTO `productstock` VALUES ('450', '7', '10037', '40', '40', '0', '2016-12-11 13:50:25');
INSERT INTO `productstock` VALUES ('451', '7', '10037', '41', '40.5', '0', '2016-12-11 13:50:25');
INSERT INTO `productstock` VALUES ('452', '7', '10037', '42', '41', '0', '2016-12-11 13:50:25');
INSERT INTO `productstock` VALUES ('453', '7', '10037', '43', '44', '0', '2016-12-11 13:50:25');
INSERT INTO `productstock` VALUES ('454', '7', '10038', '8', '42', '0', '2016-12-11 13:50:45');
INSERT INTO `productstock` VALUES ('455', '7', '10038', '9', '43', '0', '2016-12-11 13:50:45');
INSERT INTO `productstock` VALUES ('456', '7', '10038', '39', '39.5', '0', '2016-12-11 13:50:45');
INSERT INTO `productstock` VALUES ('457', '7', '10038', '40', '40', '0', '2016-12-11 13:50:45');
INSERT INTO `productstock` VALUES ('458', '7', '10038', '41', '40.5', '0', '2016-12-11 13:50:45');
INSERT INTO `productstock` VALUES ('459', '7', '10038', '42', '41', '0', '2016-12-11 13:50:45');
INSERT INTO `productstock` VALUES ('460', '7', '10038', '43', '44', '0', '2016-12-11 13:50:45');
INSERT INTO `productstock` VALUES ('461', '6', '10033', '8', '42', '0', '2016-12-11 13:51:12');
INSERT INTO `productstock` VALUES ('462', '6', '10033', '9', '43', '0', '2016-12-11 13:51:12');
INSERT INTO `productstock` VALUES ('463', '6', '10033', '39', '39.5', '0', '2016-12-11 13:51:12');
INSERT INTO `productstock` VALUES ('464', '6', '10033', '40', '40', '0', '2016-12-11 13:51:12');
INSERT INTO `productstock` VALUES ('465', '6', '10033', '41', '40.5', '0', '2016-12-11 13:51:12');
INSERT INTO `productstock` VALUES ('466', '6', '10033', '42', '41', '0', '2016-12-11 13:51:12');
INSERT INTO `productstock` VALUES ('467', '6', '10033', '43', '44', '0', '2016-12-11 13:51:12');
INSERT INTO `productstock` VALUES ('468', '6', '10034', '8', '42', '0', '2016-12-11 13:51:33');
INSERT INTO `productstock` VALUES ('469', '6', '10034', '9', '43', '0', '2016-12-11 13:51:33');
INSERT INTO `productstock` VALUES ('470', '6', '10034', '39', '39.5', '0', '2016-12-11 13:51:33');
INSERT INTO `productstock` VALUES ('471', '6', '10034', '40', '40', '0', '2016-12-11 13:51:33');
INSERT INTO `productstock` VALUES ('472', '6', '10034', '41', '40.5', '0', '2016-12-11 13:51:33');
INSERT INTO `productstock` VALUES ('473', '6', '10034', '42', '41', '0', '2016-12-11 13:51:33');
INSERT INTO `productstock` VALUES ('474', '6', '10034', '43', '44', '0', '2016-12-11 13:51:33');
INSERT INTO `productstock` VALUES ('475', '6', '10035', '8', '42', '0', '2016-12-11 13:51:53');
INSERT INTO `productstock` VALUES ('476', '6', '10035', '9', '43', '0', '2016-12-11 13:51:53');
INSERT INTO `productstock` VALUES ('477', '6', '10035', '39', '39.5', '0', '2016-12-11 13:51:53');
INSERT INTO `productstock` VALUES ('478', '6', '10035', '40', '40', '0', '2016-12-11 13:51:53');
INSERT INTO `productstock` VALUES ('479', '6', '10035', '41', '40.5', '0', '2016-12-11 13:51:53');
INSERT INTO `productstock` VALUES ('480', '6', '10035', '42', '41', '0', '2016-12-11 13:51:53');
INSERT INTO `productstock` VALUES ('481', '6', '10035', '43', '44', '0', '2016-12-11 13:51:53');
INSERT INTO `productstock` VALUES ('482', '5', '10029', '39', '39.5', '0', '2016-12-11 13:52:42');
INSERT INTO `productstock` VALUES ('483', '5', '10029', '40', '40', '0', '2016-12-11 13:52:42');
INSERT INTO `productstock` VALUES ('484', '5', '10029', '41', '40.5', '0', '2016-12-11 13:52:42');
INSERT INTO `productstock` VALUES ('485', '5', '10029', '42', '41', '0', '2016-12-11 13:52:42');
INSERT INTO `productstock` VALUES ('486', '5', '10029', '43', '44', '0', '2016-12-11 13:52:42');
INSERT INTO `productstock` VALUES ('487', '5', '10030', '8', '42', '0', '2016-12-11 13:53:16');
INSERT INTO `productstock` VALUES ('488', '5', '10030', '9', '43', '0', '2016-12-11 13:53:16');
INSERT INTO `productstock` VALUES ('489', '5', '10030', '39', '39.5', '0', '2016-12-11 13:53:16');
INSERT INTO `productstock` VALUES ('490', '5', '10030', '40', '40', '0', '2016-12-11 13:53:16');
INSERT INTO `productstock` VALUES ('491', '5', '10030', '41', '40.5', '0', '2016-12-11 13:53:16');
INSERT INTO `productstock` VALUES ('492', '5', '10030', '42', '41', '0', '2016-12-11 13:53:16');
INSERT INTO `productstock` VALUES ('493', '5', '10030', '43', '44', '0', '2016-12-11 13:53:16');
INSERT INTO `productstock` VALUES ('494', '5', '10031', '8', '42', '0', '2016-12-11 13:53:41');
INSERT INTO `productstock` VALUES ('495', '5', '10031', '9', '43', '0', '2016-12-11 13:53:41');
INSERT INTO `productstock` VALUES ('496', '5', '10031', '39', '39.5', '0', '2016-12-11 13:53:41');
INSERT INTO `productstock` VALUES ('497', '5', '10031', '40', '40', '0', '2016-12-11 13:53:41');
INSERT INTO `productstock` VALUES ('498', '5', '10031', '41', '40.5', '0', '2016-12-11 13:53:41');
INSERT INTO `productstock` VALUES ('499', '5', '10031', '42', '41', '0', '2016-12-11 13:53:41');
INSERT INTO `productstock` VALUES ('500', '5', '10031', '43', '44', '0', '2016-12-11 13:53:41');
INSERT INTO `productstock` VALUES ('501', '5', '10032', '8', '42', '0', '2016-12-11 13:54:03');
INSERT INTO `productstock` VALUES ('502', '5', '10032', '9', '43', '0', '2016-12-11 13:54:03');
INSERT INTO `productstock` VALUES ('503', '5', '10032', '39', '39.5', '0', '2016-12-11 13:54:03');
INSERT INTO `productstock` VALUES ('504', '5', '10032', '40', '40', '0', '2016-12-11 13:54:03');
INSERT INTO `productstock` VALUES ('505', '5', '10032', '41', '40.5', '0', '2016-12-11 13:54:03');
INSERT INTO `productstock` VALUES ('506', '5', '10032', '42', '41', '0', '2016-12-11 13:54:03');
INSERT INTO `productstock` VALUES ('507', '5', '10032', '43', '44', '0', '2016-12-11 13:54:03');

-- ----------------------------
-- Table structure for `skuitems`
-- ----------------------------
DROP TABLE IF EXISTS `skuitems`;
CREATE TABLE `skuitems` (
  `skuId` int(11) NOT NULL AUTO_INCREMENT,
  `skuName` varchar(32) NOT NULL,
  `skuImgUrl` varchar(128) NOT NULL DEFAULT '',
  `skuType` int(11) NOT NULL,
  `status` int(11) NOT NULL,
  PRIMARY KEY (`skuId`)
) ENGINE=InnoDB AUTO_INCREMENT=45 DEFAULT CHARSET=utf8;

-- ----------------------------
-- Records of skuitems
-- ----------------------------
INSERT INTO `skuitems` VALUES ('1', '红色', '', '1', '0');
INSERT INTO `skuitems` VALUES ('2', '白色', '', '1', '0');
INSERT INTO `skuitems` VALUES ('3', '蓝色', '', '1', '0');
INSERT INTO `skuitems` VALUES ('4', '37', '', '2', '0');
INSERT INTO `skuitems` VALUES ('5', '38', '', '2', '0');
INSERT INTO `skuitems` VALUES ('6', '39', '', '2', '0');
INSERT INTO `skuitems` VALUES ('7', '41.5', '', '2', '1');
INSERT INTO `skuitems` VALUES ('8', '42', '', '2', '0');
INSERT INTO `skuitems` VALUES ('9', '43', '', '2', '0');
INSERT INTO `skuitems` VALUES ('10', '紫色', '', '1', '0');
INSERT INTO `skuitems` VALUES ('11', '43.5', '', '2', '1');
INSERT INTO `skuitems` VALUES ('12', '银色', '', '1', '1');
INSERT INTO `skuitems` VALUES ('13', '灰色', '', '1', '0');
INSERT INTO `skuitems` VALUES ('14', '蓝白色', '', '1', '0');
INSERT INTO `skuitems` VALUES ('15', '黑色', '', '1', '0');
INSERT INTO `skuitems` VALUES ('16', '橙色', '', '1', '0');
INSERT INTO `skuitems` VALUES ('17', '棕色', '', '1', '1');
INSERT INTO `skuitems` VALUES ('18', '卡其色', '', '1', '1');
INSERT INTO `skuitems` VALUES ('19', '深蓝色', '', '1', '0');
INSERT INTO `skuitems` VALUES ('20', '天蓝色', '', '1', '0');
INSERT INTO `skuitems` VALUES ('21', '绿色', '', '1', '0');
INSERT INTO `skuitems` VALUES ('22', '蓝拼白', '', '1', '0');
INSERT INTO `skuitems` VALUES ('23', '红拼白', '', '1', '0');
INSERT INTO `skuitems` VALUES ('24', '蓝拼红', '', '1', '0');
INSERT INTO `skuitems` VALUES ('25', '红拼蓝', '', '1', '0');
INSERT INTO `skuitems` VALUES ('26', '蓝拼灰', '', '1', '0');
INSERT INTO `skuitems` VALUES ('27', '褐拼蓝', '', '1', '0');
INSERT INTO `skuitems` VALUES ('28', '浅绿色', '', '1', '0');
INSERT INTO `skuitems` VALUES ('29', '橘红色', '', '1', '0');
INSERT INTO `skuitems` VALUES ('30', '浅紫色', '', '1', '0');
INSERT INTO `skuitems` VALUES ('31', '牛仔蓝', '', '1', '0');
INSERT INTO `skuitems` VALUES ('32', '米白色', '', '1', '0');
INSERT INTO `skuitems` VALUES ('33', '浅蓝色', '', '1', '0');
INSERT INTO `skuitems` VALUES ('34', '黄色', '', '1', '0');
INSERT INTO `skuitems` VALUES ('35', '米黄色', '', '1', '0');
INSERT INTO `skuitems` VALUES ('36', '35.5', '', '2', '0');
INSERT INTO `skuitems` VALUES ('37', '36', '', '2', '0');
INSERT INTO `skuitems` VALUES ('38', '37.5', '', '2', '0');
INSERT INTO `skuitems` VALUES ('39', '39.5', '', '2', '0');
INSERT INTO `skuitems` VALUES ('40', '40', '', '2', '0');
INSERT INTO `skuitems` VALUES ('41', '40.5', '', '2', '0');
INSERT INTO `skuitems` VALUES ('42', '41', '', '2', '0');
INSERT INTO `skuitems` VALUES ('43', '44', '', '2', '0');
INSERT INTO `skuitems` VALUES ('44', '米色', '', '1', '0');

-- ----------------------------
-- Table structure for `storeinfo`
-- ----------------------------
DROP TABLE IF EXISTS `storeinfo`;
CREATE TABLE `storeinfo` (
  `storeId` int(11) NOT NULL AUTO_INCREMENT,
  `storeName` varchar(64) NOT NULL,
  `masterUserId` int(11) NOT NULL,
  `homeUrl` varchar(128) NOT NULL DEFAULT '',
  `status` int(11) NOT NULL,
  `createDate` datetime NOT NULL,
  `updateDate` timestamp NOT NULL DEFAULT CURRENT_TIMESTAMP ON UPDATE CURRENT_TIMESTAMP,
  PRIMARY KEY (`storeId`)
) ENGINE=InnoDB AUTO_INCREMENT=42 DEFAULT CHARSET=utf8;

-- ----------------------------
-- Records of storeinfo
-- ----------------------------
INSERT INTO `storeinfo` VALUES ('17', 'F01', '10017', '', '0', '2016-12-07 21:25:24', '2016-12-07 21:25:24');
INSERT INTO `storeinfo` VALUES ('18', 'F02', '10017', '', '0', '2016-12-07 21:25:57', '2016-12-07 21:25:57');
INSERT INTO `storeinfo` VALUES ('26', 'F01', '10020', '', '0', '2016-12-11 13:11:43', '2016-12-11 13:11:43');
INSERT INTO `storeinfo` VALUES ('27', 'F02', '10020', '', '1', '2016-12-11 13:11:48', '2016-12-11 13:12:01');
INSERT INTO `storeinfo` VALUES ('28', 'F03', '10020', '', '1', '2016-12-11 13:55:30', '2016-12-11 13:56:15');
INSERT INTO `storeinfo` VALUES ('29', 'F04', '10020', '', '1', '2016-12-11 13:55:35', '2016-12-11 13:56:11');
INSERT INTO `storeinfo` VALUES ('30', 'F05', '10020', '', '1', '2016-12-11 13:55:37', '2016-12-11 13:56:07');
INSERT INTO `storeinfo` VALUES ('31', 'F06', '10020', '', '1', '2016-12-11 13:55:42', '2016-12-11 13:56:03');
INSERT INTO `storeinfo` VALUES ('32', 'F07', '10020', '', '1', '2016-12-11 13:55:45', '2016-12-11 13:56:00');
INSERT INTO `storeinfo` VALUES ('33', 'F08', '10020', '', '1', '2016-12-11 13:55:47', '2016-12-11 13:55:57');
INSERT INTO `storeinfo` VALUES ('34', 'F09', '10020', '', '0', '2016-12-11 13:55:53', '2016-12-11 13:55:52');
INSERT INTO `storeinfo` VALUES ('35', 'F01', '10021', '', '1', '2016-12-11 13:56:23', '2016-12-11 13:56:40');
INSERT INTO `storeinfo` VALUES ('36', 'F02', '10021', '', '1', '2016-12-11 13:56:28', '2016-12-11 13:56:45');
INSERT INTO `storeinfo` VALUES ('37', 'F03', '10021', '', '1', '2016-12-11 13:56:30', '2016-12-11 13:56:48');
INSERT INTO `storeinfo` VALUES ('38', 'F04', '10021', '', '1', '2016-12-11 13:56:32', '2016-12-11 13:56:51');
INSERT INTO `storeinfo` VALUES ('39', 'F05', '10021', '', '1', '2016-12-11 13:56:33', '2016-12-11 13:56:54');
INSERT INTO `storeinfo` VALUES ('40', 'F06', '10021', '', '1', '2016-12-11 13:56:35', '2016-12-11 13:56:58');
INSERT INTO `storeinfo` VALUES ('41', 'F07', '10021', '', '0', '2016-12-11 13:56:37', '2016-12-11 13:56:37');

-- ----------------------------
-- Table structure for `userinfo`
-- ----------------------------
DROP TABLE IF EXISTS `userinfo`;
CREATE TABLE `userinfo` (
  `userId` int(11) NOT NULL AUTO_INCREMENT,
  `userName` varchar(32) NOT NULL,
  `nickName` varchar(32) NOT NULL,
  `userRole` int(11) NOT NULL,
  `avatar` varchar(128) NOT NULL,
  `passWord` varchar(128) NOT NULL,
  `salt` varchar(64) NOT NULL,
  `status` int(11) NOT NULL,
  `createDate` datetime NOT NULL,
  `updateDate` timestamp NOT NULL DEFAULT CURRENT_TIMESTAMP ON UPDATE CURRENT_TIMESTAMP,
  PRIMARY KEY (`userId`)
) ENGINE=InnoDB AUTO_INCREMENT=10023 DEFAULT CHARSET=utf8;

-- ----------------------------
-- Records of userinfo
-- ----------------------------
INSERT INTO `userinfo` VALUES ('10017', 'admin', 'admin', '1', '', 'opsVM4GPP8ZOdMI9huXnfnyE7Dc=', '9d5a9c0c32bf4e12b7d1cc5044e1d24a3ae1c4dfd11645e19d82d21d7e59b591', '0', '2016-12-07 20:41:15', '2016-12-07 23:17:34');
INSERT INTO `userinfo` VALUES ('10020', 'zhonguoqing', '钟国庆', '2', '/content/agent/img/user.jpg', '67zuRXQABtPrGQyrjRv5sxTNw0w=', '57937454032a4308b83b8fd30a6e9dd0d17fc27e3d30448ebdb2263457da96ab', '0', '2016-12-11 13:11:20', '2016-12-11 13:11:20');
INSERT INTO `userinfo` VALUES ('10021', 'wenguangming', '温广明', '2', '/content/agent/img/user.jpg', 'uTHRTnZZBeyd2pyn6dzuEOu7B8w=', '12d20ef8bb9d48c7ab23aec5f755b9d5ba30b104d5e142df889ab68e650859e1', '0', '2016-12-11 13:55:13', '2016-12-11 13:55:13');
INSERT INTO `userinfo` VALUES ('10022', 'yuliang0912', 'yuliang', '2', '/content/agent/img/user.jpg', 'ljnKr4gROWIVx6Q/it0iJ+SCCkg=', 'fa4bb6b462f2468dbe70b580fdad364b31e17f5668044431b5f1a431975e548f', '0', '2017-03-04 17:43:02', '2017-03-04 17:43:02');
